main_id,name,menu,tel,area,address1,holiday,parking,landmark,homepage
2,백운목장,육류,061-794-6292,광양시,전라남도 광양시 동광1길 6,일요일,가능,구봉산 전망대,
2,옛고을 그향기,한정식,061-791-5134,광양시,전라남도 광양시 발섬4길 17-6 1층,연중무휴,가능,이순신대교,
2,왕창국밥,국밥,061-793-0695,광양시,전라남도 광양시 눈소로 36,일요일,가능,이순신대교,
2,가마솥뚝배기,감자탕,061-794-9339,광양시,전라남도 광양시 행정1길 2,"첫째,세째 일요일",가능,구봉산 전망대,
2,통뼈감자탕 동광양점,감자탕,061-791-0233,광양시,전라남도 광양시 오류4길 20 1층,연중무휴,가능,구봉산 전망대,http://www.gamjatang.com/
2,청주본가 광양점,,061-795-9208,광양시,전라남도 광양시 항만9로 134 1층,연중무휴,가능,이순신대교,
2,금정,육류,061-792-3000,광양시,전라남도 광양시 시청로 27,연중무휴,가능,구봉산 전망대,
2,삼대전주옥전주콩나물해장국,국밥,061-791-2888,광양시,전라남도 광양시 길호1길 11 1층,연중무휴,가능,이순신대교,http://3jeonjuok.modoo.at/
2,정원,샤브샤브,061-791-9935,광양시,전라남도 광양시 광장로 148-9 1층,첫째주 셋째주 일요일,가능,구봉산 전망대,
2,남도식당,게요리,061-795-3434,광양시,전라남도 광양시 중마청룡길 6-5,연중무휴,가능,구봉산 전망대,
2,백년백세고려삼계탕,백숙,061-793-1034,광양시,전라남도 광양시 사동로 231,"2, 4주 일요일",가능,구봉산 전망대,
2,만리장성,중식,061-791-0084,광양시,전라남도 광양시 광영로 28,첫째 세째 일요일,가능,배알도 수변공원,
2,광양순대국,육류,061-793-0018,광양시,전라남도 광양시 금영로 175-1,일요일,가능,광양 윤동주 유고보존 정병욱 가옥,
2,해정맛집,한식,061-792-8640,광양시,전라남도 광양시 정수2길 20,일요일,가능,배알도 수변공원,
2,박여사국밥,국밥,061-794-5666,광양시,전라남도 광양시 남산1길 12,"2, 4주 일요일",가능,배알도 수변공원,
2,가마솥뚝배기 광영점,한식,061-791-2202,광양시,전라남도 광양시 영수길 102,"2, 4주 일요일",가능,광양 윤동주 유고보존 정병욱 가옥,
2,가야골식당,한식,061-793-8868,광양시,전라남도 광양시 남산길 40,,가능,배알도 수변공원,
2,포항물횟집,생선회,061-792-9834,광양시,전라남도 광양시 광영로 150-1 포항물횟집,연중무휴,가능,광양 윤동주 유고보존 정병욱 가옥,
2,동해횟집,생선회,061-793-3007,광양시,전라남도 광양시 나룻1길 42,일요일,가능,배알도 수변공원,
2,백리향,중식,061-794-2349,광양시,전라남도 광양시 삼봉산로 21,"첫째,세째 일요일",가능,배알도 수변공원,
2,매화곱창,"곱창,막창,양",061-763-6402,광양시,전라남도 광양시 광양읍 서평1길 88,일요일,,광양만권 경제자유구역 홍보관,
2,시민국밥,한식,061-762-9285,광양시,전라남도 광양시 광양읍 서천2길 19-1,"2, 4주 일요일",,보광사(광양),
2,해동가든,돼지고기,061-762-5417,광양시,전라남도 광양시 광양읍 서천1길 27,월요일,,보광사(광양),
2,진주명가,냉면,061-761-0601,광양시,전라남도 광양시 광양읍 서북3길 38,연중무휴,,보광사(광양),http://061-761-0601.okqr.co.kr
2,모은정,한식,061-763-0664,광양시,전라남도 광양시 광양읍 서북로 23,일요일,가능,보광사(광양),
2,왕창국밥,"찌개,전골",061-762-4870,광양시,전라남도 광양시 광양읍 희양현로 30,연중무휴,,광양문화원,
2,신가가마솥,순대국,061-763-7556,광양시,전라남도 광양시 광양읍 희양현로 30,"2, 4주 일요일",,광양문화원,
2,우진식당,"사철,영양탕",061-763-3382,광양시,전라남도 광양시 광양읍 개성3길 8-31,"첫째,세째/일요일",,광양문화원,
2,필브라더,한식,061-763-8651,광양시,전라남도 광양시 광양읍 매천로 745,일요일,,광양 장도박물관,
2,뼈통묵은지감자탕,감자탕,061-763-6001,광양시,전라남도 광양시 광양읍 인덕로 901,연중무휴,가능,보광사(광양),
2,지곡산장,닭요리,061-761-3335,광양시,전라남도 광양시 광양읍 서북로 59,매주월요일,가능,보광사(광양),
2,둥지식당,한정식,061-433-2080,강진군,전라남도 강진군 강진읍 보은로3길 48-3,,가능,강진군도서관,
2,가족회관,돼지고기,061-433-1236,강진군,전라남도 강진군 강진읍 영랑로4길 28,,가능,강진군도서관,
2,강진한우직판장,육류,061-433-6190,강진군,전라남도 강진군 강진읍 영랑로1길 3,일요일,가능,강진문화원,
2,오뚜기식당,한식,061-433-6161,강진군,전라남도 강진군 강진읍 영랑로3길 10-1,,가능,강진문화원,
2,은행나무,한정식,061-433-2366,강진군,전라남도 강진군 강진읍 영랑로4길 30,,가능,강진군도서관,
2,금강산식당,돼지고기,061-434-8833,강진군,전라남도 강진군 강진읍 영랑로4길 21 1층,,가능,강진군도서관,
2,오케이식당,한식,061-432-8072,강진군,전라남도 강진군 강진읍 영랑로1길 23-1,,가능,강진문화원,
2,거목촌식당,육류,061-434-2106,강진군,전라남도 강진군 강진읍 서성안길 4,,가능,강진군도서관,
2,복섬,맥주,061-434-1226,강진군,전라남도 강진군 강진읍 영랑로3길 15,"2, 4주 월요일",가능,강진문화원,
2,다복,한식,061-434-4774,강진군,전라남도 강진군 강진읍 보은로3길 12,일요일,가능,강진 오감통,http://cityfood.co.kr/h9/namseonglidabok
2,유미정,돼지고기,061-433-6222,강진군,전라남도 강진군 강진읍 탐진로 60 201동 111호,,가능,강진영랑생가,
2,명동식당,한정식,061-433-2147,강진군,전라남도 강진군 강진읍 서성안길 5,,가능,강진군도서관,
2,이바돔감자탕 강진점,감자탕,061-433-8535,강진군,전라남도 강진군 강진읍 탐진로 61,,가능,강진영랑생가,http://www.ebadom.com/
2,참숯골,육류,061-433-5240,강진군,전라남도 강진군 강진읍 송계로 20,"2, 마지막주 일요일",가능,강진영랑생가,
2,청자골한식뷔페,육류,061-433-7403,강진군,전라남도 강진군 강진읍 해강로 974,,가능,강진 백련사 동백나무 숲,
2,백악관,육류,061-433-0508,강진군,전라남도 강진군 군동면 종합운동장길 50-16,,가능,강진 오감통,
2,남강식당,한식,061-433-9570,강진군,전라남도 강진군 군동면 청자로 255,,가능,금산원,
2,대지식당,한식,061-432-2333,강진군,전라남도 강진군 칠량면 칠량로 73,"2, 4주 일요일",가능,강진만,
2,매자리식당,한식,061-433-7035,강진군,전라남도 강진군 칠량면 청자로 1157,"2, 4주 월요일",가능,하저어촌체험마을,
2,송학가든횟집,생선회,061-433-8544,강진군,전라남도 강진군 도암면 해안관광로 1317,"첫째주,셋째주 월요일",가능,가우도 출렁다리,
2,석문정,오리요리,061-434-6660,강진군,전라남도 강진군 도암면 백도로 2059-7,"첫째주,셋째주 일요일",가능,해남윤씨 영모당,
2,선창식당,생선회,061-434-0790,강진군,전라남도 강진군 신전면 운주로 636,,가능,강진 갯들소리마을,
2,만호성,육류,061-433-2209,강진군,전라남도 강진군 마량면 미항로 5-17,일요일,가능,강진마도진만호성지,
2,치킨아이,치킨,061-433-3310,강진군,전라남도 강진군 마량면 미항로 145-1,,가능,마량미항(마량항),
2,정가네감자탕,한식,061-433-3132,강진군,전라남도 강진군 마량면 마량5길 20,,가능,마량미항(마량항),
2,꽃담,오리요리,061-536-8218,해남군,전라남도 해남군 해남읍 교육청길 29-7,월요일,가능,해촌서원,
2,마루,낙지,061-533-6436,해남군,전라남도 해남군 해남읍 남부순환로 13-3,,,해남향교,
2,이학식당,백반,061-532-0203,해남군,전라남도 해남군 해남읍 북부순환로 83,,가능,해남문화원,
2,유락횟집,일식,061-534-1449,해남군,전라남도 해남군 해남읍 남부순환로 25,일요일,가능,해남문화원,
2,아지매식당,백반,061-536-2885,해남군,전라남도 해남군 해남읍 읍내길 32,,,해남문화원,
2,태평양횟집,생선회,061-534-8131,해남군,전라남도 해남군 해남읍 북부순환로 92,일요일,가능,해남문화원,
2,진성,추어탕,061-537-7667,해남군,전라남도 해남군 해남읍 북부순환로 108,토요일,가능,해남문화원,
2,성내,샤브샤브,061-533-4774,해남군,전라남도 해남군 해남읍 명문길 19-1,일요일,가능,해남문화예술회관,
2,반갑다친구야,육류,061-536-1531,해남군,전라남도 해남군 해남읍 천변2길 53,일요일,가능,해남문화원,
2,돌고개가든,닭요리,061-537-7100,해남군,전라남도 해남군 해남읍 고산로 287 돌고개가든,,가능,고산유물전시관,
2,진일관,한식,061-532-9932,해남군,전라남도 해남군 해남읍 명량로 3009,,가능,해남문화예술회관,
2,향원,육류,061-534-2100,해남군,전라남도 해남군 해남읍 구교2길 33,"2, 4주 토요일",가능,해남문화예술회관,
2,어성장어센타,장어,061-534-4944,해남군,전라남도 해남군 삼산면 해남화산로 464,,가능,김남주 생가,
2,팔도강산,한식,061-532-2233,해남군,전라남도 해남군 삼산면 대흥사길 88-30,,가능,두륜산케이블카,
2,한오백년,한식,061-534-5633,해남군,전라남도 해남군 삼산면 대흥사길 158 한오백년,,가능,두륜산케이블카,
2,북일기사식당,한식,061-535-2558,해남군,전라남도 해남군 북일면 백도로 783 북일기사식당,,가능,성도사,
2,육일시한우촌,소고기구이,061-532-6162,해남군,전라남도 해남군 마산면 산이로 322,"매월 첫째, 세째주 일요일",가능,해남 해바라기농장,
2,물레방아뷔페식당,한식,061-535-1119,해남군,전라남도 해남군 마산면 명량로 2876,연중무휴,가능,해남문화예술회관,
2,궁전회관,육류,061-533-3881,해남군,전라남도 해남군 황산면 시등로 86-1,매주일요일,가능,우항리 공룡화석 자연사유적지,
2,명승,생선회,061-534-7770,해남군,전라남도 해남군 문내면 명량로 43-18,첫째주 월요일,가능,해남 명량대첩비,
2,사천성,중식,061-532-0020,해남군,전라남도 해남군 화원면 청용길 42,,가능,서동사(해남),
2,오성회관,육류,061-663-5982,여수시,전라남도 여수시 이순신광장로 206,,,여수시문화원,
2,오동도회관,생선회,061-662-5074,여수시,전라남도 여수시 오동도로 98-1,,가능,엑스포해양공원,
2,녹원갈비,육류,061-665-8729,여수시,전라남도 여수시 공화남3길 22-1,연중무휴,,아쿠아플라넷 여수,
2,호남갈비,소고기구이,061-662-3501,여수시,전라남도 여수시 동문로 93-1,첫째주 수요일,가능,여수 진남관,
2,북경반점,중식,061-662-5544,여수시,전라남도 여수시 동문로 38-1,월요일,,여수 타루비,
2,노래미식당,일식,061-662-3782,여수시,전라남도 여수시 중앙1길 10,"첫째, 세째 일요일",가능,이순신광장,
2,광양숯불고기,육류,061-662-9797,여수시,전라남도 여수시 통제영2길 8-10,연중무휴,,이순신광장,http://www.ok114.co.kr/0616629797
2,어육촌,한정식,061-663-6669,여수시,전라남도 여수시 충무로 58-10,매주일요일,,여수향교,
2,약수닭집,백숙,061-642-8500,여수시,전라남도 여수시 구봉산길 77-8,"10월 ~3월 매월 둘째,네째주 화요일 4월~9월 무휴",가능,한산사(여수),
2,청운갈비,돼지고기,061-643-7734,여수시,"전라남도 여수시 신월로 638, 1층 (국동)","매월 둘째,네째 수요일",가능,한산사(여수),
2,혜미횟집,생선회,061-641-8500,여수시,전라남도 여수시 어항단지로 115,,가능,외동어촌체험마을,
2,구봉산장식당,백숙,061-643-0008,여수시,전라남도 여수시 구봉2길 10,"매월 둘째,네째 화요일",가능,한산사(여수),
2,생금생오리,오리요리,061-642-5501,여수시,전라남도 여수시 신월로 620,1주 화요일,가능,한산사(여수),
2,섹시한돼지,돼지고기,061-654-6924,여수시,전라남도 여수시 여문문화1길 76,일요일,,한산사(여수),
2,콩산소,국밥,061-653-4310,여수시,전라남도 여수시 여문문화길 64,,,한산사(여수),http://cityfood.co.kr/h9/jeonju4310
2,참치마을,생선회,061-651-7070,여수시,전라남도 여수시 여문문화1길 40,일요일,,한산사(여수),
2,우사골,곰탕,061-654-3005,여수시,전라남도 여수시 여서1로 116,연중무휴,가능,한산사(여수),
2,일송정,육류,061-651-1676,여수시,전라남도 여수시 여문문화1길 80,"일요일(둘째주, 넷째주)",가능,한산사(여수),
2,동백꽃식당,장어,061-653-9400,여수시,전라남도 여수시 어항단지로 43,매월 2회,,외동어촌체험마을,
2,대성장어,장어,061-654-3050,여수시,전라남도 여수시 문수로 116 다보빌딩,연중무휴,,한산사(여수),
2,한국가나식당,냉면,061-652-6933,여수시,전라남도 여수시 여문문화1길 83,연중무휴,가능,한산사(여수),
2,수복갈비,한식,061-654-1159,여수시,전라남도 여수시 문수로 53,"2, 4주 일요일",,한산사(여수),
2,봉황,일식,061-653-7799,여수시,전라남도 여수시 웅남1길 13-5,일요일,,이순신공원(여수),
2,깊은바다,일식,061-653-6863,여수시,전라남도 여수시 여문문화길 88,첫째 세째 일요일,,한산사(여수),
2,파도소리,생선회,061-655-3057,여수시,전라남도 여수시 여문문화2길 60(문수동),,가능,한산사(여수),
2,여수밤바다포차,포장마차,061-666-9253,여수시,전라남도 여수시 이순신광장로 159,연중무휴,가능,여수구항 해양공원,
2,뜰식당,,061-654-0177,여수시,전라남도 여수시 망양로 244,"첫째,세째 일요일",가능,만성리 검은모래해변,http://gardenps.com/
2,미림횟집,생선회,061-666-6677,여수시,전라남도 여수시 대경도길 2(경호동),,,외동어촌체험마을,
2,바다장어숯불구이,장어,061-683-6660,여수시,전라남도 여수시 장성1길 12,일요일,가능,여수시청소년수련관,
2,싱싱횟집,생선회,061-682-1160,여수시,전라남도 여수시 소호로 488,화요일,가능,소호동동다리,
2,돌고래횟집,생선회,061-683-1322,여수시,전라남도 여수시 소호로 490,,가능,소호동동다리,
2,동동海,생선회,061-692-5588,여수시,전라남도 여수시 소호로 486,,가능,소호동동다리,
2,장수횟집,생선회,061-685-8033,여수시,전라남도 여수시 소호1길 86,,,소호동동다리,
2,좌수영횟집,한식,061-684-5985,여수시,전라남도 여수시 소호로 482-1,화요일(한달에 2번),가능,소호동동다리,
2,밀터,한식,061-683-3900,여수시,전라남도 여수시 소호로 253,월요일,가능,디오션리조트 워터파크,
2,순천돌곱창,한식,061-684-0392,여수시,"전라남도 여수시 흥국상가길 15, 2층(신기동)",연중무휴,,여수시청소년수련관,
2,유군초밥,초밥,061-682-4858,여수시,전라남도 여수시 새터로 76,연중무휴,,여수 선소유적,
2,서민회관,백반,061-554-8067,완도군,전라남도 완도군 완도읍 개포로 3 서민회관,연중무휴,가능,주도,
2,미원횟집,전복요리,061-554-2506,완도군,전라남도 완도군 완도읍 해변공원로 65,"첫째,셋째 일요일휴무",,완도문화원,
2,고향갈비촌,육류,061-552-4844,완도군,전라남도 완도군 완도읍 해변공원로113번길 6-10,,가능,완도문화원,
2,대성회식당,전복요리,061-554-5164,완도군,전라남도 완도군 완도읍 해변공원로 59,연중무휴,가능,주도,http://seastar.kr/
2,신지횟집,생선회,061-552-5244,완도군,전라남도 완도군 완도읍 해변공원로 117,연중무휴,가능,완도문화원,
2,수산시장55호,생선회,061-553-1458,완도군,전라남도 완도군 완도읍 해변공원로 130,연중무휴,가능,완도문화원,
2,초계산가든,한식,061-552-2747,완도군,전라남도 완도군 완도읍 청해진서로 142,,가능,신흥사(완도),
2,목우마을,한식,061-751-1919,순천시,전라남도 순천시 호남길 5 목우마을,연중무휴,가능,웃장 국밥골목,
2,돼지마을,육류,061-752-7879,순천시,전라남도 순천시 삼산2길 36,토요일,,순천문화예술회관,
2,등뼈가,감자탕,061-752-3737,순천시,전라남도 순천시 순천대2길 36,연중무휴,가능,순천문화예술회관,http://www.thegamjatang.co.kr/
2,순창국밥,한식,061-755-8336,순천시,전라남도 순천시 석현길 67 순창국밥,일요일,가능,향림사(순천),
2,홍천뚝배기,한식,061-751-0544,순천시,전라남도 순천시 중앙로 303,일요일,가능,향림사(순천),
2,순천보리밥뷔페,보리밥,061-752-3802,순천시,전라남도 순천시 중앙로 305,연중무휴,가능,향림사(순천),http://cit가능food.co.kr/h9/suncheonbolibab
2,복사골,한정식,061-755-1300,순천시,전라남도 순천시 중앙로 307,연중무휴,가능,향림사(순천),
2,별미보쌈,족발,061-753-9768,순천시,전라남도 순천시 삼산로 92-28,,가능,두레아트(관광두레 주민사업체),
2,도화정,오리요리,061-752-5947,순천시,전라남도 순천시 죽도봉길 157 도화정,연중무휴,가능,죽도봉공원,
2,오리파티,오리요리,061-727-5292,순천시,전라남도 순천시 대석3길 50-12,,,순천 기적의도서관,
2,용전갈치,해물,061-742-1045,순천시,전라남도 순천시 덕연로 64,월요일,가능,순천역 (철도체험학습장),
2,현대옥 순천연향점,국밥,061-721-5554,순천시,전라남도 순천시 팔마3길 14-6,연중무휴,,옥계서원(순천),
2,명지원,육류,061-723-2392,순천시,전라남도 순천시 연향상가길 31 명지원,연중무휴,가능,순천 기적의도서관,http://www.ok114.co.kr/0617232392
2,송미정,육류,061-746-1174,순천시,전라남도 순천시 우명길 55 1층 송미정,연중무휴,가능,순천역 (철도체험학습장),
2,먹물,해물,061-745-5445,순천시,전라남도 순천시 장자보1길 61,토요일,,옥계서원(순천),
2,통나무식당,,061-721-8801,순천시,전라남도 순천시 백강로 36,연중무휴,가능,옥계서원(순천),http://blog.naver.com/nellicious/
2,도모,일식,061-723-8883,순천시,전라남도 순천시 하대석길 60 도모,일요일,,순천 기적의도서관,https://baemin.me/O8X4PDj-zB
2,해진정육식당,소고기구이,061-533-7475,해남군,전라남도 해남군 해남읍 수성2길 33,일요일,가능,해남문화예술회관,
2,원조장수통닭,치킨,061-535-1003,해남군,전라남도 해남군 해남읍 고산로 295 장수통닭,,가능,고산유물전시관,
2,해초한우정,소고기구이,061-537-3554,해남군,전라남도 해남군 해남읍 남부순환로 42,"2, 4주 일요일",가능,해남문화원,
2,레이크하우스,이탈리아음식,061-534-1771,해남군,전라남도 해남군 삼산면 대흥사길 180,,가능,두륜산도립공원,
2,산마루터,한식,061-532-2233,해남군,전라남도 해남군 삼산면 대흥사길 88-33,,가능,두륜산케이블카,
2,태풍은불어도철가방은간다,중식,061-741-6678,순천시,전라남도 순천시 남산로 33,목요일,,순천역 (철도체험학습장),
2,돼지꿈,돼지고기,061-745-5106,순천시,전라남도 순천시 장명로 8-6,"첫째, 셋째주 일요일",가능,옥천서원(순천),
2,낙원회관,한정식,061-745-0112,순천시,전라남도 순천시 중앙3길 5-1 낙원회관,,가능,옥천서원(순천),
2,정락회관,,061-744-6369,순천시,전라남도 순천시 장천2길 7,일요일,,흥륜사(순천),
2,명궁관,한정식,061-741-2020,순천시,전라남도 순천시 중앙2길 7,매주 월요일 셋째주 월요일은 정상운영,가능,옥천서원(순천),http://instagram.com/m가능eonggunggwan
2,도미초밥,초밥,061-755-0005,순천시,전라남도 순천시 연자로 7-1,,,순천시립 그림책 도서관,
2,스시마루,초밥,061-755-0089,순천시,전라남도 순천시 중앙7길 9,,,순천시립 그림책 도서관,http://blog.naver.com/suna2978
2,흑산도횟집,생선회,061-751-2030,순천시,전라남도 순천시 강남로 121-1,,가능,순천시립 그림책 도서관,
2,청해일식,일식,061-742-1717,순천시,전라남도 순천시 순천만길 31,,가능,순천시생태관광체험학습센터,
2,미주농원,오리요리,061-744-5292,순천시,전라남도 순천시 상사호길 120 미주농원,,가능,순천시생태관광체험학습센터,
2,순천만갈대밭식당,한식,061-741-0727,순천시,전라남도 순천시 순천만길 656,연중무휴,가능,순천만 용산전망대 (S자 물길),
2,황소곱창구이,"곱창,막창,양",061-721-9246,순천시,전라남도 순천시 장선배기길 10 황소곱창구이,일요일,가능,순천 기적의도서관,
2,국일설렁탕,백반,061-745-7800,순천시,전라남도 순천시 충효로 117,일요일,가능,순천 기적의도서관,
2,다미원,중식,061-725-5711,순천시,전라남도 순천시 비봉2길 7-19,매주화요일,,곡수서원,
2,백송금당점,돼지고기,061-727-4001,순천시,전라남도 순천시 장선배기길 6-4,연중무휴,가능,순천 기적의도서관,
2,원조의정부부대찌개,"찌개,전골",061-726-0015,순천시,전라남도 순천시 장선배기길 8,,가능,순천 기적의도서관,
2,몽돌해물탕조례점,해물,061-721-5222,순천시,전라남도 순천시 남신월길 35,연중무휴,가능,곡수서원,
2,왕창국밥,국밥,061-723-6542,순천시,전라남도 순천시 장선배기길 17,일요일,,순천 기적의도서관,
2,만석꾼조례점,해물,061-726-1001,순천시,전라남도 순천시 남신월2길 1,매주일요일휴무,,순천 기적의도서관,
2,금성가든,육류,061-754-6060,순천시,전라남도 순천시 선암사길 358,연중무휴,가능,신광수 다원,
2,제일식당,한식,061-752-7970,순천시,전라남도 순천시 서면 청소길 43 제일식당,,가능,두레아트(관광두레 주민사업체),
2,선호가든,백숙,061-755-3538,순천시,전라남도 순천시 서면 청소길 239 선호가든,,가능,천축사(순천),http://blog.naver.com/howlman2
2,유명가든,닭요리,061-755-7470,순천시,전라남도 순천시 서면 청소길 243 유명가든,,가능,천축사(순천),https://blog.naver.com/m가능eong7470
2,들물관광농원,한식,061-755-8181,순천시,전라남도 순천시 서면 청소길 477 들물관광농원,,가능,정혜사(순천),http://www.instagram.com/explore/locations/1370100026362457
2,낙지나라,낙지,061-742-2667,순천시,전라남도 순천시 별량면 고장길 101 낙지나라,월요일,가능,거차뻘배마을,
2,솔가든,한식,061-745-1615,순천시,전라남도 순천시 상사면 상사호길 218 솔가든,,가능,이천서원,
2,청실횟집,생선회,061-552-4559,완도군,전라남도 완도군 완도읍 해변공원로 51-1,연중무휴,가능,주도,
2,삼거리식당,한식,061-554-8988,완도군,전라남도 완도군 완도읍 장보고대로 298,,가능,주도,
2,홍가네갈비탕,한정식,061-552-0441,완도군,전라남도 완도군 완도읍 개포로114번길 43-5,,가능,완도문화원,
2,최선장식당,복어요리,061-554-3002,완도군,전라남도 완도군 완도읍 군내3번길 23-5,연중무휴,가능,주도,
2,날마다식당,한식,061-552-2177,완도군,전라남도 완도군 완도읍 해변공원로 75,연중무휴,가능,완도문화원,
2,통뼈감자탕 완도점,감자탕,061-554-8878,완도군,전라남도 완도군 완도읍 장보고대로 231,연중무휴,가능,주도,http://www.gamjatang.com/
2,명품나루터,생선회,061-644-6686,여수시,전라남도 여수시 돌산읍 진두공원길 21,수요일,가능,여수 해상케이블카,
2,엑스포식당,한식,061-683-4178,여수시,전라남도 여수시 여수산단로 238,,,여수 국가산업단지,
2,일조오리닭,오리요리,061-685-4799,여수시,전라남도 여수시 무선로 249-1 (화장동),매주일요일,가능,"여수 석보(구, 석창성지)",
2,또바기,한식,061-652-2781,여수시,전라남도 여수시 여문문화길 77,연중무휴,,한산사(여수),
2,율촌돌판오리,오리요리,061-691-5292,여수시,전라남도 여수시 율촌면 여순로 1022-47,월요일,,여수 율촌역,
2,원조여수서대회,한식,061-643-5989,여수시,전라남도 여수시 돌산읍 강남해안로 51,연중무휴,,돌산공원,
2,정가네갓·갈치조림생선구이,생선구이,061-642-5008,여수시,전라남도 여수시 돌산읍 진두해안길 68,연중무휴,가능,돌산공원,
2,오뚜기식당,한식,061-643-6585,여수시,전라남도 여수시 남산로 70,수요일,,이순신광장,
2,가사리꽃님이네,한식,061-685-4265,여수시,전라남도 여수시 소라면 가사안길 27,,가능,여수 가사리 갈대밭,
2,덕양곱창,곱창,061-691-4856,여수시,전라남도 여수시 성산5길 60 (화장동 (1층)),연중무휴,가능,"여수 석보(구, 석창성지)",
2,광장미가,생선구이,061-662-1870,여수시,전라남도 여수시 중앙로 72-22 (중앙동 (1층)),화요일,가능,이순신광장,
2,개미식당,한식,061-686-7496,여수시,전라남도 여수시 시청서2길 51-4,화요일,,여수시청소년수련관,
2,여수꽃게살비빔밥,게요리,061-681-4022,여수시,전라남도 여수시 시청서1길 50-7,"2, 4주 화요일",,여수시청소년수련관,
2,장안복집,복어요리,061-684-4946,여수시,전라남도 여수시 시청서2길 39-5,,,여수시청소년수련관,
2,한려식당,한식,061-662-2691,여수시,전라남도 여수시 중앙로 81-1,연중무휴,,이순신광장,
2,하얀집낙지전문점,,061-683-3257,여수시,전라남도 여수시 장성1길 19 (안산동),일요일,가능,여수시청소년수련관,
2,홍보석,,061-653-5202,여수시,전라남도 여수시 여서동1길 14 (여서동),일요일(첫째주),,한산사(여수),
2,남원 춘향골,한식,061-665-8777,여수시,전라남도 여수시 남산로 60-31 (남산동),"1, 3주 화요일",가능,이순신광장,
2,정현정육식식당,,061-642-5388,여수시,전라남도 여수시 봉산1로 12 (봉산동),,가능,장군도(수중성),
2,안성식당,한식,061-662-1755,여수시,전라남도 여수시 동문로 55-2 (관문동),연중무휴,가능,여수 타루비,
2,우리집오리,오리요리,061-652-7006,여수시,전라남도 여수시 어항로 9 (봉산동),"1, 3주 화요일",,한산사(여수),
2,밤골백반식당,한식,061-686-9268,여수시,전라남도 여수시 율촌면 봉정길 6-28,월요일,가능,여수 율촌역,
2,황금코다리,한식,061-686-5291,여수시,전라남도 여수시 소호로 255 (소호동),,가능,디오션리조트 워터파크,
2,소반,한식,061-653-1002,여수시,전라남도 여수시 진남체육관길 27 (오림동),연중무휴,가능,석천사(여수),
2,육해공 숙회천국,한식,061-651-8816,여수시,전라남도 여수시 문수로 36-1 (문수동),,,한산사(여수),
2,조선화로집 여수시청점,한식,061-681-3316,여수시,전라남도 여수시 망마로 5,,,여수시청소년수련관,
2,돌산게장명가,게요리,061-644-1199,여수시,전라남도 여수시 봉산1로 49 1층 (봉산동),연중무휴,가능,장군도(수중성),
2,용궁횟집,생선회,061-686-5291,여수시,전라남도 여수시 돌산읍 강남10길 49,연중무휴,가능,돌산공원,
2,군산횟집,생선회,061-644-2740,여수시,전라남도 여수시 국포1로 51 2층 3층 (국동),,가능,외동어촌체험마을,
2,금바우식당,한식,061-643-5551,여수시,전라남도 여수시 돌산읍 강남로 42,연중무휴,,돌산공원,
2,사계절횟집,생선회,061-644-4880,여수시,전라남도 여수시 어항로 35 1 2층 (봉산동),연중무휴,가능,장군도(수중성),
2,한일관,한정식,061-654-0091,여수시,전라남도 여수시 봉산2로 32,,가능,장군도(수중성),
2,순천굿모링가,한식,061-727-5005,순천시,전라남도 순천시 팔마5길 25,일요일,,옥계서원(순천),
2,이순임김치찌개,"찌개,전골",061-725-0902,순천시,전라남도 순천시 팔마4길 15,연중무휴,,옥계서원(순천),
2,명장진국설렁탕,설렁탕,061-727-0775,순천시,전라남도 순천시 장선배기1길 10-33,매주일요일,가능,순천 기적의도서관,
2,obzee(오브제),카페,061-745-5990,순천시,전라남도 순천시 오천2길 17-1,,가능,순천시생태관광체험학습센터,
2,순천식당,한식,061-755-1047,순천시,전라남도 순천시 외서면 쌍향수길 481,일요일,가능,낙안온천,
2,오천초밥,,061-743-7177,순천시,전라남도 순천시 오천6길 13,,가능,순천시생태관광체험학습센터,
2,한베식당,한식,061-744-0143,순천시,전라남도 순천시 장천4길 15-5,월요일,,흥륜사(순천),
2,송치골가든,한식,061-755-1369,순천시,전라남도 순천시 서면 순천로 860,일요일,가능,순천 향매실마을,
2,장터맛집,해물탕,061-745-6564,순천시,전라남도 순천시 장평1길 6,,,흥륜사(순천),
2,남흥회관,한식,061-744-9736,순천시,전라남도 순천시 장명2길 4,,가능,흥륜사(순천),
2,해강,한식,061-742-8803,순천시,전라남도 순천시 장명4길 12,수요일,가능,흥륜사(순천),
2,쌍암추어탕,추어탕,061-725-6111,순천시,전라남도 순천시 역전장1길 42,일요일,가능,순천역 (철도체험학습장),
2,모메존 황칠백숙,,061-755-5233,순천시,전라남도 순천시 환선로 112,연중무휴,가능,순천문화예술회관,
2,춘천거시기닭갈비,닭갈비,061-753-9593,순천시,전라남도 순천시 순천대2길 42,일요일,가능,순천문화예술회관,
2,북촌손만두 순천대점,한식,061-727-6999,순천시,전라남도 순천시 순천대2길 26,토요일,,순천문화예술회관,
2,용우동 순대점,우동,061-752-7934,순천시,전라남도 순천시 순천대2길 10-17,일요일,,순천문화예술회관,
2,고래고래이모네곱창,곱창,061-744-1161,순천시,전라남도 순천시 연향번영8길 15,일요일,,순천 기적의도서관,
2,자갈치산꼼장어,,061-725-1661,순천시,전라남도 순천시 도장안길 2,일요일,,순천 기적의도서관,
2,동산가든,한식,061-782-1943,순천시,전라남도 순천시 섬진강로 232,연중무휴,가능,구례 섬진강 벚꽃길,
2,진등뼈,감자탕,061-742-2009,순천시,전라남도 순천시 오천6길 6-10,,가능,순천시생태관광체험학습센터,
2,소담소반,한식,061-745-3382,순천시,전라남도 순천시 중앙3길 10,셋째주 일요일,가능,옥천서원(순천),
2,유갤러리,카페,061-741-8887,순천시,전라남도 순천시 상사면 우산보길 86,수요일,가능,이천서원,
2,건봉국밥,국밥,061-752-0900,순천시,전라남도 순천시 장평로 65,,,흥륜사(순천),
2,기린본집,한식,061-727-6065,순천시,전라남도 순천시 원용당길 2,"첫째주, 셋째주 월요일",가능,순천문화예술회관,
2,자금성,,061-743-8770,순천시,전라남도 순천시 충효로 123,연중무휴,가능,순천 기적의도서관,
2,한정식 신화정,한정식,061-741-4300,순천시,전라남도 순천시 구암길 26,연중무휴,가능,옥계서원(순천),
2,소락정,한식,061-744-0468,순천시,전라남도 순천시 구암길 5,일요일,가능,순천역 (철도체험학습장),
2,신토불이한식뷔페,한식뷔페,061-337-0898,나주시,전라남도 나주시 산포면 등정덕례길 9 (신토불이한식뷔페),매주일요일,,남평향교,
2,도래회관,한식,061-335-2020,나주시,전라남도 나주시 남평읍 세남로 1593,연중무휴,가능,남평향교,
2,돼지모듬숯불구이,,061-331-5042,나주시,전라남도 나주시 세지면 세지로 446,매뭘 첫째주 일요일 매월 셋째주 일요일,가능,나주 철천리 마애칠불상과 석조여래입상,
2,산포양푼이동태탕,,061-334-0775,나주시,"전라남도 나주시 산포면 산남로 137, 좌측첫번째칸",매주일요일,가능,남평향교,
2,연화식당,한식,061-333-9333,나주시,전라남도 나주시 남평읍 남평2로 45-52,연중무휴,가능,남평향교,
2,구미식당,한식,061-333-5236,나주시,전라남도 나주시 대호길 90-15,매주일요일,가능,정열사비,
2,화로닭발,닭발,061-332-1006,나주시,전라남도 나주시 대호길 5,첫째세째화요일,가능,나주 순교성지,
2,덕고개가든,한식,061-331-0990,나주시,전라남도 나주시 세지면 동창로 95,추석 구정만 휴일,가능,법흥사(영암),
2,나주아구찜,,061-333-5133,나주시,전라남도 나주시 남외1길 13-11,매주화요일,가능,남고문(나주읍성 남문),
2,큰집나주곰탕,,061-333-8892,나주시,전라남도 나주시 우정로 10,매주 일요일 휴무,가능,빛가람 전망대,
2,쿵쿵따생삼겹,,061-333-5934,나주시,전라남도 나주시 대호길 82-1,첫째 세째주 월요일,,정열사비,
2,송림,한식,,나주시,전라남도 나주시 남평읍 지석로 59,매주 일요일  휴무,가능,남평향교,
2,충만치킨영산포점,,061-930-9292,나주시,전라남도 나주시 이창1길 3-1,연중무휴,가능,일본인지주가옥,
2,미도방,한식,061-334-3777,나주시,"전라남도 나주시 재신길 10 (청원돼지갈비), (1층)","2, 4주 일요일",가능,나주 완사천,
2,메주애꽃,,061-333-9253,나주시,전라남도 나주시 금성길 52,연중무휴,가능,나주 금성관,
2,숭이네,,061-332-0435,나주시,전라남도 나주시 대호길 59-5,첫째 세째주 일요일,가능,심향사(나주),
2,착한고기집,한식,061-331-4121,나주시,전라남도 나주시 남평읍 남평2로 46-9,매주 일요일 휴무,가능,남평향교,
2,영산포홍어,한식,061-337-5000,나주시,전라남도 나주시 영산3길 6,연중무휴,가능,영산포 홍어거리,
2,남경,,061-334-2179,나주시,전라남도 나주시 대호길 59-20,첫째세째주 월요일,가능,심향사(나주),
2,울엄마밥상,한식,061-334-8913,나주시,전라남도 나주시 금영로 14-4 (우성사료),연중무휴,가능,일본인지주가옥,
2,초원의집,한식,061-336-4566,나주시,전라남도 나주시 다시면 무숙로 776-25,"2, 4주 일요일",가능,보산정사,
2,김장열의짜장나라,,061-337-8584,나주시,전라남도 나주시 정보화길 34,연중무휴,가능,빛가람 전망대,
2,오리앤갈비,,061-337-3650,나주시,전라남도 나주시 중앙로 30 (티월드),"2, 4주 일요일(점심)",가능,남고문(나주읍성 남문),
2,옥희네밥상,한식,061-337-6412,나주시,전라남도 나주시 정보화길 34,,가능,빛가람 전망대,
2,진미국밥,국밥,061-334-9988,나주시,전라남도 나주시 황동2길 4-15,매주일요일,가능,빛가람 전망대,
2,소문난식당,한식,061-336-2001,나주시,전라남도 나주시 노안면 노안로 535,매주일요일,,동신대 카메라박물관(문화박물관),
2,민물장어,,061-333-6999,나주시,"전라남도 나주시 풍물시장2길 20-3 (한우협회직매장), 풍물시장 2길20-3",연중무휴,가능,영산포 등대,
2,빛고을가든,한식,061-333-3390,나주시,전라남도 나주시 성북2길 8,일요일인데 예약 있으면 합니다.,가능,나주 금성관,
2,육감,한식,061-332-6429,나주시,전라남도 나주시 도민길 24-36,매주 일요일 휴무,가능,빛가람 전망대,
2,나주활어횟집,생선회,061-332-0026,나주시,전라남도 나주시 남고문로 36-15,일요일,가능,나빌레라 문화센터,
2,돈우랑,,061-332-6900,나주시,전라남도 나주시 황동2길 17-3,매주일요일,가능,빛가람 전망대,
2,전주현대옥나주혁신도시점,한식,061-333-9885,나주시,전라남도 나주시 석전2길 12-4,매주 토요일  휴무,가능,빛가람 전망대,
2,진차이나,,061-332-8877,나주시,전라남도 나주시 상야4길 11 203호,"토, 일요일",가능,빛가람 전망대,
2,강남생복집,복어요리,,나주시,전라남도 나주시 도민길 3-26,매주 토요일  휴무,가능,빛가람 전망대,
2,뚝배기생태탕,,061-334-0811,나주시,"전라남도 나주시 상야4길 21, (131.132호)",매주 일요일 휴무,가능,빛가람 전망대,
2,거북이,한식,061-333-8591,나주시,전라남도 나주시 풍물시장2길 35-6,첫째 셋째 일요일,가능,영산포 등대,
2,고모네뽈찜,,061-334-1986,나주시,"전라남도 나주시 호수로 74, (다일빌딩203호)",매주일요일,가능,빛가람 전망대,
2,우촌,소고기구이,061-337-9290,나주시,"전라남도 나주시 나주로 83-9 (금부숯불갈비), 나주로 83-9 (우촌)","2, 4주 월요일",가능,나빌레라 문화센터,
2,나주쌍치민물매운탕,,061-336-2926,나주시,전라남도 나주시 황동1길 69,연중무휴,가능,빛가람 전망대,
2,상하이,,061-336-7200,나주시,"전라남도 나주시 이창1길 14 (효성떡방앗간), 1층","첫째,세째월요일",가능,일본인지주가옥,
2,전설의김또깡고깃집빛가람점,한식,061-334-9691,나주시,"전라남도 나주시 배멧1길 10, 휴먼프라자114.115호",매주일요일,가능,빛가람 전망대,
2,나주식당,한식,061-334-8880,나주시,전라남도 나주시 내동길 10-3,연중무휴,가능,나주 완사천,
2,끼니회관,한식,061-333-2744,나주시,"전라남도 나주시 정렬사길 15, 2층","2, 4주 일요일",가능,정열사비,
2,식당바를정,한식,061-337-3004,나주시,"전라남도 나주시 대호길 85-16, 1층",첫째수요일 들째네째주 일요일,가능,심향사(나주),
2,100돼지,,061-336-6999,나주시,전라남도 나주시 풍물시장1길 22,연중무휴,가능,영산포 등대,
2,모아반점,,061-331-6870,나주시,전라남도 나주시 금천면 금영로 953-1,매주일요일,가능,나주배박물관,
2,마이킹,카페,061-337-3068,나주시,"전라남도 나주시 다도면 다도로 752, 1층",연중무휴,가능,나주호,
2,월광추어탕소머리국밥,추어탕,061-335-7110,나주시,전라남도 나주시 다시면 영산로 4471 (신토불이식당),연중무휴,가능,보산정사,
2,박경원낙지천국,,061-333-1163,나주시,전라남도 나주시 남평읍 지석로 15,연중무휴,가능,남평향교,
2,청원모밀나주혁신점,분식,061-336-1001,나주시,전라남도 나주시 우정로 10,매월 둘째 토요일 넷째 토요일 휴무,가능,빛가람 전망대,
2,곰바우,한식,061-334-1131,나주시,전라남도 나주시 재신길 32-1,일요일 오후 휴무,가능,나주 완사천,
2,참깨와들깨김밥&멸치육전국수,김밥,061-332-9992,나주시,전라남도 나주시 나주로 115 (참샘포크),연중무휴,가능,나빌레라 문화센터,
2,꽃씨도둑,카페,,나주시,전라남도 나주시 남평읍 광촌길 182,목요일,가능,남평역(나주),
2,즐거운하누,소고기구이,061-332-8265,나주시,전라남도 나주시 남평읍 강변1길 33-20,연중무휴,가능,남평향교,
2,깐깐한족발,,061-331-2292,나주시,전라남도 나주시 상야1길 21,연중무휴,가능,빛가람 전망대,
2,나주참봅집,복어요리,061-331-6780,나주시,전라남도 나주시 황동1길 70,매주일요일,가능,빛가람 전망대,
2,아랫장참오리맛집,오리요리,061-333-1300,나주시,전라남도 나주시 남평읍 강변2길 7,매주 화요일 휴무,가능,남평향교,
2,그집쭈꾸미나주혁신점,,,나주시,전라남도 나주시 상야4길 16-16 1층,연중무휴,가능,빛가람 전망대,
2,밥이랑면이랑,분식,,나주시,"전라남도 나주시 석전2길 12-4, ks주차빌딩 1동 104호",연중무휴,가능,빛가람 전망대,
2,소행성651,카페,,나주시,전라남도 나주시 봉황면 금봉로 651,연중무휴,가능,미륵사(나주),
2,돈곱창,한식,,나주시,"전라남도 나주시 상야1길 7, 예가람타워 135.136호",매주 일요일 휴무,가능,빛가람 전망대,
2,나무와새,한식,,나주시,"전라남도 나주시 남평읍 강변1길 33-16, 101호",매월 첫째주 토요일 매월 셋째주 토요일,가능,남평향교,
2,본참치,생선회,,나주시,"전라남도 나주시 상야1길 20, 엘타워 112.113호",매주 일요일 휴무,가능,빛가람 전망대,
2,홍어1번지,한식,061-332-7444,나주시,전라남도 나주시 영산3길 2-1 (영실미곡상회),매주월요일,가능,영산포 홍어거리,
2,천해,한식,061-337-0107,나주시,전라남도 나주시 남평읍 나주호로 885 (천해),연중무휴,가능,화순양동호가옥,
2,천안문,,061-333-5234,나주시,전라남도 나주시 풍물시장1길 10-5,"첫째, 세째 화요일",가능,영산포 등대,
2,구진포제일장어,,061-336-0579,나주시,전라남도 나주시 다시면 구진포로 92,연중무휴,가능,나주 구진포 장어거리,
2,부영식육식당맛대맛,,061-334-9255,나주시,전라남도 나주시 남평읍 지석로 10,2주 월요일,가능,남평향교,
2,청록회포차,생선회,061-332-9233,나주시,"전라남도 나주시 이창1길 12 (청록활어회센터), (1층)","2, 4주 월요일",가능,일본인지주가옥,
2,신목사골칼국수,칼국수,061-334-6788,나주시,전라남도 나주시 나주로 83-10 (사랑방),매주월요일,가능,나빌레라 문화센터,
2,나주곰탕하얀집,,061-333-4292,나주시,전라남도 나주시 금성관길 6-1 (하얀집),"첫째,월요일",가능,정수루,
2,들깨랑팥이랑,한식,061-332-1617,나주시,"전라남도 나주시 남평읍 지석로 180, 좌측칸",연중무휴,가능,남평향교,
2,행복한토종닭,닭요리,061-336-8683,나주시,전라남도 나주시 다시면 영산로 4796,매주화요일,가능,나주 구진포 장어거리,
2,황금어장,생선회,061-333-3332,나주시,전라남도 나주시 도민길 24-30,매주 일요일 휴무,가능,빛가람 전망대,
2,목포낙지전문점,,061-334-1611,나주시,"전라남도 나주시 상야1길 21, 킹덤프라자 C동203호",매주 토 일요일 휴무,가능,빛가람 전망대,
2,예향,한식,061-333-8818,나주시,전라남도 나주시 시청길 15-9 (로또회관),매주일요일,가능,나주 완사천,
2,통큰짜장,,061-333-3379,나주시,전라남도 나주시 석전2길 12-20,매주 화요일 휴무,가능,빛가람 전망대,
2,해아추어탕,추어탕,061-334-8820,나주시,전라남도 나주시 호수로 70,첫째 세째주월요일,가능,빛가람 전망대,
2,나주곰탕원조집60년남평할매집,,061-334-4682,나주시,전라남도 나주시 금성관길 1-1,"2, 4주 화요일",가능,정수루,
2,광목기사식당,한식,061-336-4786,나주시,전라남도 나주시 문평면 영산로 4201,연중무휴,가능,함평 고막천 석교,
2,명성횟집,생선회,061-334-4153,나주시,전라남도 나주시 시청길 16-9,연중무휴,가능,나주문화원,
2,하나나주곰탕,,061-333-6936,나주시,전라남도 나주시 나주로 209 (종합신발백화점),연중무휴,가능,나주 금성관,
2,대승장어,,061-336-1265,나주시,전라남도 나주시 다시면 구진포로 91 (구진포대승장어),연중무휴,가능,나주 구진포 장어거리,
2,소문장,,061-332-4933,나주시,전라남도 나주시 이창1길 38 (소문장),"2, 4주 일요일",가능,영산포 등대,
2,금성식당,한식,061-336-0920,나주시,전라남도 나주시 문평면 영산로 4265,첫째세째주일요일,가능,함평 고막천 석교,
2,너른터갈비,,061-331-8877,나주시,전라남도 나주시 남평읍 세남로 1772-7 (너른터),연중무휴,가능,남평향교,
2,군계기사님식당,한식,061-333-1418,나주시,전라남도 나주시 세지면 예향로 3009 (식당),연중무휴,가능,영팔정,
2,다다회관,한식,061-336-7786,나주시,전라남도 나주시 건재로 182 (다다회관),연중무휴,가능,동신대 카메라박물관(문화박물관),
2,주샘골한우촌식육식당,소고기구이,061-337-5411,나주시,전라남도 나주시 산포면 재성길 53 (주샘골한우촌),매주일요일,가능,빛가람 전망대,
2,예향,한정식,061-333-1009,나주시,전라남도 나주시 나주천1길 79 (예향),첫째 세째 월요일,,나빌레라 문화센터,
2,청학동,한식,061-333-2066,나주시,전라남도 나주시 나주로 33,연중무휴,가능,나주 완사천,
2,나주추어탕,추어탕,061-332-3337,나주시,전라남도 나주시 향청길 16,"첫째,세째 일요일",가능,나주 금성관,
2,황금코다리나주점,한식,061-337-7755,나주시,전라남도 나주시 나주로 77,월요일,가능,나빌레라 문화센터,
2,문암가든,한식,061-335-7679,나주시,전라남도 나주시 다시면 영산로 4844 (문암가든),첫째세째일요일,가능,나주 구진포 장어거리,
2,조선참숯불구이,한식,061-336-3392,나주시,전라남도 나주시 남교1길 26 (조선참숯불구이),일요일,가능,일본인지주가옥,
2,거북가든,한식,061-334-4800,나주시,전라남도 나주시 대호길 59 (거북가든),연중무휴,가능,심향사(나주),
2,공산한우촌,소고기구이,061-335-1806,나주시,"전라남도 나주시 공산면 공산로 101-1 (공산한우촌), 729-5",매주 들째주 일요일 매주 넷째주 일요일,가능,나주 영상테마파크,
2,조선옛날국밥,국밥,061-334-1463,나주시,전라남도 나주시 왕곡면 예향로 3631,일요일,가능,영산포 등대,
2,신가네,한식,061-333-2286,나주시,전라남도 나주시 왕건길 22-3,일요일,가능,나주문화원,
2,월출산흑염소,한식,061-335-3842,나주시,전라남도 나주시 왕곡면 예향로 3685,매월 둘째주 일요일 매월 넷째주 일요일,가능,영산포 등대,
2,영양,한식,061-331-3592,나주시,전라남도 나주시 흥룡길 3-7,연중무휴,가능,나주문화원,
2,한마음식당,한식,061-791-7945,광양시,전라남도 광양시 중마로 273 1층,토요일,가능,구봉산 전망대,
2,"원조고가네대구탕,찜해물찜전문",,061-795-7175,광양시,"전라남도 광양시 오류로 114, ",일요일,가능,구봉산 전망대,
2,영덕고래불회,생선회,061-793-8698,광양시,"전라남도 광양시 눈소4길 20-9, 1층전부",일요일,가능,이순신대교,
2,은성면옥,냉면,061-794-1245,광양시,전라남도 광양시 길호4길 10 1층,월요일,가능,이순신대교,
2,일등한우,소고기구이,061-792-5980,광양시,전라남도 광양시 가야로 326,"2, 4주 일요일",가능,광양 윤동주 유고보존 정병욱 가옥,
2,송인정,한식,061-794-1256,광양시,"전라남도 광양시 사동로 211, 1층 전체","2, 4주 일요일",,구봉산 전망대,
2,바른짬뽕,,061-795-1957,광양시,전라남도 광양시 항만9로 136 1층,일요일,가능,이순신대교,
2,제일냉면,냉면,061-761-5808,광양시,전라남도 광양시 광양읍 서천2길 6,매주월요일,,보광사(광양),
2,봄내,한식,061-793-8889,광양시,"전라남도 광양시 눈소1길 54, 1층",첫주 일요일,가능,이순신대교,
2,슬록,스페인음식,,광양시,"전라남도 광양시 눈소2길 77-12, 1층",연중무휴,가능,이순신대교,
2,백운국수방,국수,061-792-9404,광양시,"전라남도 광양시 눈소5길 45-7, 2층중1층전부",연중무휴,가능,배알도 수변공원,
2,마동국밥,국밥,061-792-0110,광양시,"전라남도 광양시 눈소5길 36-1, 1층전부",일요일,가능,배알도 수변공원,
2,맛찬들왕소금구이 광양점,,061-790-6692,광양시,전라남도 광양시 눈소로 8 1층,연중무휴,가능,이순신대교,
2,고깃집진가,,061-791-4590,광양시,"전라남도 광양시 눈소로 68, 1층",연중무휴,가능,배알도 수변공원,
2,길호한식뷔페,한식뷔페,061-795-5808,광양시,전라남도 광양시 항만13로 42-24 1층,일요일,가능,이순신대교,
2,화둥숯불갈비,,061-792-1918,광양시,전라남도 광양시 발섬4길 7-10 1층,2주 일요일,가능,이순신대교,
2,사골국밥 중마점,국밥,061-791-6933,광양시,전라남도 광양시 아미1길 15 1층,연중무휴,가능,구봉산 전망대,
2,황제능이버섯해신탕,한식,061-795-6607,광양시,전라남도 광양시 발섬6길 14 1층,연중무휴,가능,이순신대교,
2,대나무향가득한집 중마점,한식,061-792-1222,광양시,전라남도 광양시 발섬2길 21 1층,연중무휴,가능,이순신대교,
2,갓바위회,생선회,061-795-8910,광양시,전라남도 광양시 발섬4길 20,일요일,가능,이순신대교,
2,련,생선회,061-791-5123,광양시,전라남도 광양시 발섬4길 17-18 1층,연중무휴,가능,이순신대교,
2,하면옥,냉면,061-795-3737,광양시,전라남도 광양시 발섬6길 10 1층,연중무휴,가능,이순신대교,
2,상하이요리집,,061-793-0114,광양시,전라남도 광양시 중마로 534 1층,연중무휴,가능,이순신대교,
2,화가,한식,050-7131-4819,광양시,전라남도 광양시 항만13로 39 1층,화요일,가능,이순신대교,
2,면반장,,061-793-1964,광양시,전라남도 광양시 발섬길 1 1층,월요일,가능,이순신대교,
2,참일능이버섯백숙,,061-791-1117,광양시,전라남도 광양시 발섬길 30 1층,연중무휴,가능,이순신대교,
2,생선공방,,061-791-1088,광양시,전라남도 광양시 항만13로 7-8 1층,연중무휴,가능,이순신대교,
2,황금명태본가 광양점,,061-795-0518,광양시,전라남도 광양시 발섬6길 12 1층,연중무휴,가능,이순신대교,
2,청풍한우,소고기구이,061-793-0042,광양시,전라남도 광양시 중마로 61 1층,연중무휴,가능,구봉산 전망대,
2,풀하우스참치,,061-795-5537,광양시,"전라남도 광양시 길호3길 8 1, 2층",일요일,가능,이순신대교,
2,백운관,한식,061-793-3366,광양시,"전라남도 광양시 항만13로 23-7, 1층 108~111, 115~118호",일요일,가능,이순신대교,
2,한우명가,소고기구이,061-791-1755,광양시,전라남도 광양시 공영로 99 2층,연중무휴,가능,이순신대교,
2,명가해물전골손칼국수,칼국수,061-791-8995,광양시,"전라남도 광양시 중마로 328-1, 1층전",연중무휴,가능,구봉산 전망대,
2,바다마을횟집,생선회,,광양시,"전라남도 광양시 광영로 4, ",연중무휴,,배알도 수변공원,
2,황금덕장 광양점,한식,061-795-6565,광양시,"전라남도 광양시 중마로 326, 1697-6 ",매주일요일,가능,구봉산 전망대,
2,송학,한식,061-791-9004,광양시,"전라남도 광양시 폭포사랑길 99 (백운쇼핑센터), 716 폭포사랑길 99","첫째,세째 일요일",가능,배알도 수변공원,
2,감나무골집,닭요리,061-772-0055,광양시,전라남도 광양시 옥곡면 금영로 263,연중무휴,가능,광양 윤동주 유고보존 정병욱 가옥,
2,영일관,한식,061-791-2231,광양시,"전라남도 광양시 옥곡면 신금산단5길 76, 1588-1 신금산단5길 76",연중무휴,가능,광양 윤동주 유고보존 정병욱 가옥,
2,바우네나주곰탕광양시청점,,061-791-0791,광양시,"전라남도 광양시 행정2길 2, 1층일부",매주일요일,가능,구봉산 전망대,
2,조선옥숯불갈비,,061-792-8559,광양시,전라남도 광양시 광영로 22,"2, 4주 일요일",가능,배알도 수변공원,
2,대나무향가득한집 광양점,한식,061-763-8111,광양시,전라남도 광양시 광양읍 서천2길 17,"명절(설,추석)당일",,보광사(광양),
2,장원회관,한식,061-761-6006,광양시,전라남도 광양시 광양읍 매천로 821-5,연중무휴,가능,광양문화원,
2,이정재한우식육식당,소고기구이,061-761-1622,광양시,전라남도 광양시 광양읍 서평7길 52,월요일,가능,광양만권 경제자유구역 홍보관,
2,내가찜한코다리찜,한식,061-761-9393,광양시,전라남도 광양시 광양읍 서북로 30,연중무휴,,보광사(광양),
2,황금코다리 광양점,한식,061-762-0077,광양시,전라남도 광양시 광양읍 매천로 752-1,연중무휴,가능,광양 장도박물관,
2,마로현목장,한식,061-762-9290,광양시,전라남도 광양시 광양읍 인덕로 922,연중무휴,가능,보광사(광양),
2,흥부네추어탕,추어탕,061-381-6600,담양군,전라남도 담양군 수북면 한수동로 609,4주 화요일,가능,영산강,
2,한재골가든,한식,061-382-8839,담양군,전라남도 담양군 대전면 병풍로 374,연중무휴,가능,담양우표박물관,
2,국보966옛날두부,,061-383-5118,담양군,전라남도 담양군 가사문학면 장단길 31,연중무휴,가능,물염정,
2,들풀산채정식,한식,061-381-7370,담양군,전라남도 담양군 고서면 분향용대길 3-6,연중무휴,가능,창평향교,
2,쓰촨,,061-382-0888,담양군,전라남도 담양군 고서면 가사문학로 341,연중무휴,가능,창평향교,
2,추원추어탕&오겹살,추어탕,061-381-7667,담양군,전라남도 담양군 담양읍 무정로 47-1,월요일,가능,남희정,
2,담양황금횟집,생선회,061-381-7933,담양군,전라남도 담양군 담양읍 지침3길 7-21,"첫째주,셋째주 일요일",가능,해동문화예술촌,
2,담양죽순게장,게요리,061-383-2201,담양군,전라남도 담양군 담양읍 객사2길 11-37,연중무휴,가능,아트센터 대담,
2,계륵장군,한식,061-381-3223,담양군,전라남도 담양군 담양읍 미리산길 64 (B동),연중무휴,가능,용화사(담양),
2,소나무집,한식,061-382-2304,담양군,전라남도 담양군 담양읍 세솔길 2,연중무휴,가능,죽녹원,
2,돈돈오모이다스,,061-383-3340,담양군,전라남도 담양군 담양읍 객사9길 20,월요일,가능,담양 음식테마거리,
2,고부정,한식,061-383-8505,담양군,전라남도 담양군 담양읍 지침6길 53,연중무휴,가능,해동문화예술촌,
2,김영희동태찜&코다리냉면,냉면,061-382-9995,담양군,전라남도 담양군 담양읍 중앙로 91,연중무휴,가능,해동문화예술촌,
2,등뼈본가,감자탕,061-382-5335,담양군,전라남도 담양군 담양읍 객사5길 3,일요일,가능,담양 음식테마거리,
2,초원정,한식,061-382-1972,담양군,"전라남도 담양군 대전면 대전로 39, ",연중무휴,가능,담양우표박물관,
2,제일숯불갈비,,061-381-1234,담양군,전라남도 담양군 담양읍 마두길 4,연중무휴,가능,남희정,
2,한상근대통밥집,한식,061-382-1999,담양군,전라남도 담양군 월산면 담장로 113,연중무휴,,아트센터 대담,
2,국보966,한식,061-381-9662,담양군,전라남도 담양군 금성면 담순로 11,연중무휴,가능,개구리생태공원,
2,맛있는 밥상,한식,061-383-4021,담양군,전라남도 담양군 담양읍 죽녹원로 66,일요일,가능,해동문화예술촌,
2,죽향풍천장어,,061-383-7873,담양군,전라남도 담양군 담양읍 객사3길 23-11,연중무휴,가능,아트센터 대담,
2,칠우대패삼겹살,,061-383-7575,담양군,"전라남도 담양군 담양읍 지침6길 38, 2층",일요일,가능,해동문화예술촌,
2,순우리촌뚜부와도토리수제비,한식,061-383-0799,담양군,"전라남도 담양군 대전면 병풍로 376, ",연중무휴,가능,담양우표박물관,
2,항아리,한식,061-382-6697,담양군,전라남도 담양군 용면 금성산성길 553,월요일,가능,담양호,
2,옛날제일식당,한식,061-381-2404,담양군,전라남도 담양군 담양읍 마두길 6,연중무휴,가능,남희정,
2,병풍산방,한식,061-381-9282,담양군,전라남도 담양군 대전면 대치5길 131,목요일,가능,담양우표박물관,
2,죽녹원갈비,,061-381-0480,담양군,전라남도 담양군 담양읍 죽녹원로 147,연중무휴,가능,플라타너스 별빛 달빛 길,
2,남도마당,한식,061-381-7492,담양군,전라남도 담양군 가사문학면 가사문학로 1861,연중무휴,가능,화순 야사리 은행나무,
2,한방한재골하얀집,한식,061-381-5282,담양군,"전라남도 담양군 대전면 방축동길 4, ",월요일,가능,담양우표박물관,
2,담원,한식,061-383-8787,담양군,전라남도 담양군 담양읍 천변5길 29,연중무휴,가능,해동문화예술촌,
2,송죽정본점,한식,061-381-9988,담양군,전라남도 담양군 담양읍 죽향대로 1171,연중무휴,가능,한국대나무박물관,
2,수북회관꿀꿀갈비,,061-382-7043,담양군,전라남도 담양군 수북면 한수동로 586,수요일,가능,영산강,
2,죽향숯불갈비,,061-381-4499,담양군,전라남도 담양군 담양읍 죽녹원로 131,연중무휴,가능,플라타너스 별빛 달빛 길,
2,참숯골갈비,,061-381-0879,담양군,전라남도 담양군 담양읍 지침3길 7-5,월요일,가능,해동문화예술촌,
2,영빈관,한식,061-381-0966,담양군,전라남도 담양군 담양읍 지침6길 45,연중무휴,가능,해동문화예술촌,
2,복돼지숯불갈비,,061-383-8181,담양군,전라남도 담양군 수북면 한수동로 579,월요일,가능,영산강,
2,담주부로이,한식,061-381-6788,담양군,전라남도 담양군 담양읍 추성로 1134,연중무휴,가능,한국대나무박물관,
2,대치한우,소고기구이,061-382-9393,담양군,전라남도 담양군 대전면 추성1로 159,연중무휴,가능,담양우표박물관,
2,명가정,한식,061-382-0560,담양군,전라남도 담양군 담양읍 깊은실길 16,수요일,가능,담양 메타프로방스,
2,소쇄원채식뷔페,한식뷔페,061-383-5255,담양군,전라남도 담양군 가사문학면 지실길 103,월요일,가능,담양 소쇄원,
2,이대가(李大家)메밀,음식점,061-383-0220,담양군,전라남도 담양군 담양읍 객사4길 41,연중무휴,가능,아트센터 대담,
2,행복한임금님,한정식,061-381-3050,담양군,전라남도 담양군 담양읍 지침6길 78-9,명절,가능,해동문화예술촌,
2,댓잎홍팥죽,죽,061-381-6888,담양군,전라남도 담양군 담양읍 메타프로방스4길 11,연중무휴,가능,담양 메타세쿼이아길,
2,다연정식,한정식,061-381-7300,담양군,전라남도 담양군 고서면 가사문학로 300,월요일,가능,창평향교,
2,여수복집,복어요리,061-382-5454,담양군,전라남도 담양군 담양읍 죽향대로 1146,연중무휴,가능,한국대나무박물관,
2,맹성식당,한식,061-363-1431,곡성군,전라남도 곡성군 입면 송전로 6,연중무휴,가능,의마총,
2,통나무집,한식,061-362-3090,곡성군,전라남도 곡성군 죽곡면 대황강로 1598-19,연중무휴,가능,압록유원지,
2,우리회관,,061-363-8321,곡성군,전라남도 곡성군 곡성읍 중앙로 118,명절에,가능,곡성레저문화센터,
2,청국장과흑두부,,061-362-0104,곡성군,전라남도 곡성군 옥과면 천변로 19,"2, 4주 월요일",가능,옥과향교,
2,석곡돼지한마리,,061-362-3077,곡성군,전라남도 곡성군 석곡면 석곡2길13,연중무휴,가능,대황강 자연휴식공원,
2,통큰통갈비,,061-362-2030,곡성군,전라남도 곡성군 옥과면 리문4길 10,연중무휴,가능,옥과향교,
2,제일식당,한식,061-363-2955,곡성군,전라남도 곡성군 오곡면 기차마을로 143,,가능,섬진강기차마을,
2,오가네붕어찜,한식,061-363-1311,곡성군,전라남도 곡성군 곡성읍 곡성로 782,명절에만 휴무,가능,곡성레저문화센터,
2,도림장어,,061-363-8000,곡성군,전라남도 곡성군 석곡면 주석로 623-12,연중무휴,가능,대황강 자연휴식공원,
2,석곡식당,한식,061-362-3133,곡성군,전라남도 곡성군 석곡면 석곡로 60,연중무휴,,대황강 자연휴식공원,
2,새수궁가든,한식,061-363-4633,곡성군,전라남도 곡성군 죽곡면 섬진강로 1015-2,연중무휴,가능,압록유원지,
2,옥과백련찜탕,,061-363-6213,곡성군,전라남도 곡성군 옥과면 미술관로 72,연중무휴,가능,옥과향교,
2,약대추산장,,061-363-2625,곡성군,전라남도 곡성군 오곡면 미산길 118-13,"2, 4주 월요일",가능,덕양사,
2,궁전회관,한정식,061-362-1539,곡성군,전라남도 곡성군 곡성읍 중앙로 54,매주 토.일 예약있을때는 영업함,가능,곡성레저문화센터,
2,용궁산장,한식,061-362-8346,곡성군,전라남도 곡성군 죽곡면 대황강로 1598-17,연중무휴,가능,압록유원지,
2,청수산장,한식,061-362-8382,곡성군,전라남도 곡성군 죽곡면 섬진강로 1015-1,연중무휴,가능,압록유원지,
2,송원,한식,061-362-7070,곡성군,전라남도 곡성군 옥과면 리문4길 5,매주화요일,가능,옥과향교,
2,섬진강민물장어,,061-363-9155,곡성군,전라남도 곡성군 옥과면 리문 6길 32,매주화요일,가능,옥과향교,
2,함박가든,한식,061-363-8484,곡성군,전라남도 곡성군 곡성읍 곡성로 805,연중무휴,가능,곡성레저문화센터,
2,사계절횟집,생선회,061-362-1933,곡성군,전라남도 곡성군 오곡면 대황강로 1589,연중무휴,가능,압록유원지,
2,삼화관광농원,오리요리,061-362-8586,곡성군,전라남도 곡성군 겸면 입면로 208,"설날, 추석 (2일)",가능,삼화관광농원,
2,우마루plus,,061-363-9955,곡성군,전라남도 곡성군 곡성읍 곡성로 822,연중무휴,가능,곡성레저문화센터,
2,송다원,,061-362-4700,곡성군,전라남도 곡성군 옥과면 가곡길 129-1,연중무휴,가능,옥과향교,
2,미연복집,복어요리,061-362-9552,곡성군,전라남도 곡성군 오산면 오산로 968,연중무휴,가능,옥과향교,
2,삼겹살데이,,061-783-5831,구례군,전라남도 구례군 구례읍 5일시장작은길20,,가능,구례문화원,
2,두레박,감자탕,061-783-0056,구례군,전라남도 구례군 구례읍 오일시장작은길 20,,가능,옥과향교,
2,지리산면옥,냉면,061-782-5723,구례군,전라남도 구례군 구례읍 봉남리 56-1,,가능,구례향제줄풍류전수관,
2,당동솔밭가든,한식,061-783-1929,구례군,전라남도 구례군 산동면 당골길 86-3,,가능,위안 산촌마을,
2,당골식당,한식,061-783-1689,구례군,전라남도 구례군 산동면 당골길 86-31,화요일,가능,위안 산촌마을,
2,참나무가든,,061-781-3338,구례군,전라남도 구례군 토지면 섬진강대로 5057,,가능,구례 운조루 고택,
2,윤채밥상,한식,061-781-9288,구례군,전라남도 구례군 광의면 은행정1길32-12,일요일,가능,매천사,
2,고향가든,한식,061-783-3730,구례군,전라남도 구례군 구례읍 섬진강로 15-17,,가능,중대리계곡,
2,한갤러리레스토랑,한식,061-781-0688,구례군,전라남도 구례군 광의면 예술인길 57,,가능,구례오픈스튜디오 (관광두레 주민사업체),
2,산골집,한식,061-782-2521,구례군,전라남도 구례군 산동면 우와길 63-4,화요일,가능,자연드림파크(구례),
2,지리산수라간,한식,061-783-1033,구례군,전라남도 구례군 마산면 화엄사로 336,,가능,반달가슴곰생태학습장,
2,한가네식당,한식,061-782-0095,구례군,전라남도 구례군 구례읍 구례1길 59,일요일,가능,구례향제줄풍류전수관,
2,동바리해장국,해장국,061-783-0042,구례군,전라남도 구례군 구례읍 구례로 502,"첫째주, 셋째주 화요일",가능,구례문화원,
2,계산관광농원식당,한식,061-783-3001,구례군,전라남도 구례군 구례읍 섬진강로 595,,가능,섬진강 다무락마을 [녹색관광마을],
2,까막정가든,닭요리,061-781-7575,구례군,전라남도 구례군 구례읍 택지2길 32-2,,가능,동편제 판소리전수관,
2,구례밥상,한식,061-781-0015,구례군,전라남도 구례군 구례읍 5일시장큰길 28-1,일요일,,구례문화원,
2,하림회관,"찌개,전골",061-782-8600,구례군,전라남도 구례군 마산면 화엄사로 286,,가능,반달가슴곰생태학습장,
2,청솔가든,한식,061-782-4280,구례군,전라남도 구례군 용방면 용방로 484,일요일,가능,매천사,
2,산동진미식당,한식,061-783-8429,구례군,전라남도 구례군 산동면 관산구산길 42,,가능,방호정(구례),
2,시골밥상,한식,061-781-6050,구례군,전라남도 구례군 광의면 매천로 349,,가능,매천사,
2,이지원육개장,한식,061-781-8858,구례군,전라남도 구례군 산동면 지리산온천로 192,화요일,가능,지리산온천랜드,
2,큰맘할매순대국전남구례점,,061-782-2488,구례군,전라남도 구례군 구례읍 중앙로 60,"2, 4주 화요일",가능,구례문화원,
2,해화수산,생선회,061-781-8089,구례군,전라남도 구례군 구례읍 택지2길 20-6,일요일,가능,동편제 판소리전수관,
2,소문난오돌뼈,,061-782-7080,구례군,전라남도 구례군 구례읍 5일시장작은길 34,일요일,가능,구례문화원,
2,초원가든,한식,061-782-1776,구례군,전라남도 구례군 구례읍 섬진강로 610,,가능,섬진강 다무락마을 [녹색관광마을],
2,호수공원식당,한식,061-781-9967,구례군,전라남도 구례군 산동면 구만제로 677,,가능,지리산호수공원,
2,통뼈감자탕구례점,감자탕,061-782-3561,구례군,전라남도 구례군 구례읍 봉성산길 4,,,구례향제줄풍류전수관,
2,기사식당,한식,061-781-4000,구례군,전라남도 구례군 구례읍 중앙로 9,"첫째주, 마지막주 월요일",가능,구례문화원,
2,십이월이십오일,음식점,061-782-8900,구례군,전라남도 구례군 광의면 예술인길 59,,가능,구례오픈스튜디오 (관광두레 주민사업체),
2,주부가든,한식,061-782-6282,구례군,전라남도 구례군 마산면 화엄사로 213,,가능,반달가슴곰생태학습장,
2,뜨란채,한식,061-782-9155,구례군,전라남도 구례군 구례읍 로터리골목길 4,,,구례향제줄풍류전수관,
2,송이식당,한식,061-782-5785,구례군,전라남도 구례군 마산면 화엄사로 255,,가능,반달가슴곰생태학습장,
2,지리산초원흑돈,,061-783-0061,구례군,전라남도 구례군 산동면 관산구산길 1,,가능,지리산온천랜드,
2,남도식당,한식,061-783-1315,구례군,전라남도 구례군 간전면 하천길 27,둘째주.넷째주 .월요일,,구례 석주관성,
2,한국회관,닭요리,061-783-9700,구례군,전라남도 구례군 산동면 지리산온천로 266-8,,가능,지리산온천랜드,
2,백련맛집,한식,061-781-7101,구례군,전라남도 구례군 구례읍 택지길 52,수요일,가능,동편제 판소리전수관,
2,온정,한식,061-783-4541,구례군,전라남도 구례군 산동면 지리산온천로 266-1,,가능,지리산온천랜드,
2,전원가든,한식,061-782-4733,구례군,전라남도 구례군 구례읍 섬진강로 76,월요일,가능,구례 섬진강 벚꽃길,
2,만리장성,,061-783-9339,구례군,전라남도 구례군 구례읍 서시천로 80,월요일,가능,동편제 판소리전수관,
2,무안뻘낙지,,061-783-8822,구례군,전라남도 구례군 구례읍 숲거리길 20,,가능,구례향제줄풍류전수관,
2,천수식당,한식,061-782-7738,구례군,전라남도 구례군 구례읍 섬진강로 15-16,,가능,구례 섬진강 벚꽃길,
2,황토가든,한식,061-783-1806,구례군,전라남도 구례군 산동면 관산구산길 7,,가능,지리산온천랜드,
2,들녘밥상,한식,061-781-5225,구례군,전라남도 구례군 토지면 운조루길49-1,월요일,가능,구례 운조루 고택,
2,목화식당,한식,061-782-9171,구례군,전라남도 구례군 구례읍 구례2길33,,가능,구례향제줄풍류전수관,
2,덕인관,한식,061-781-7881,구례군,전라남도 구례군 산동면 지리산온천로 143-18,,가능,운흥정,
2,구례밥도둑,한식,061-782-1007,구례군,전라남도 구례군 구례읍 5일시장작은길 3-1,"일요일(장날3,8일영업)",가능,구례문화원,
2,함흥냉면,냉면,061-782-4326,구례군,전라남도 구례군 마산면 화엄사로 15,,,구례문화원,
2,지리산한우식당,소고기구이,061-781-8838,구례군,전라남도 구례군 산동면 용산로 607,,가능,운흥정,
2,민속마을,,061-782-8413,구례군,전라남도 구례군 구례읍 봉서산정길 4,,가능,농업기술센터 자연생태학습장,
2,동문식당,한식,061-782-5020,구례군,전라남도 구례군 구례읍 중앙로 29,,가능,구례문화원,
2,보양식당,한식,061-783-0036,구례군,전라남도 구례군 구례읍 중앙로4,,가능,구례문화원,
2,지리산갈비촌,,061-783-5400,구례군,전라남도 구례군 구례읍 의료원길 37,토요일,가능,동편제 판소리전수관,
2,백제회관,한식,061-783-2867,구례군,전라남도 구례군 산동면 지리산온천로 260-7,,가능,지리산온천랜드,
2,두마례,한식,061-781-5507,구례군,전라남도 구례군 구례읍 택지2길 5-1,일요일,가능,동편제 판소리전수관,
2,달빛마루,카페,061-783-9600,구례군,전라남도 구례군 마산면 화엄사로 386-3,,가능,국립공원공단 종복원기술원,
2,남해수산,생선회,061-782-4976,구례군,전라남도 구례군 구례읍 구례로 500,화요일,가능,구례문화원,
2,구례정식당,한식,061-781-6677,구례군,전라남도 구례군 구례읍 구례로 558,,가능,구례문화원,
2,매화식당,한식,061-783-6577,구례군,전라남도 구례군 간전면 운천리 16,,가능,구례 석주관성,
2,운수대통,한식,061-783-8833,구례군,전라남도 구례군 구례읍 중앙로 67,,가능,구례향제줄풍류전수관,
2,봉성식당,한식,061-782-7262,구례군,전라남도 구례군 구례읍 봉동길 8-9,"일요일(단, 일요일 장날 3일8일 영업)",가능,구례문화원,
2,산하산장,,061-781-2882,구례군,전라남도 구례군 간전면 선창길 290,,가능,백운산 구시폭포,
2,다복,한식,061-834-7507,고흥군,전라남도 고흥군 풍양면 죽시장터길 30,매월 첫째.셋째 일요일,가능,고흥 유자공원,
2,고향숯불갈비,,061-844-9213,고흥군,전라남도 고흥군 도양읍 목넘가는길 2,매월 첫째.셋째일요일,가능,녹동항,
2,달맞이숯불갈비,,061-832-3406,고흥군,전라남도 고흥군 도화면 천마로 2265,수요일,가능,충무사(고흥),
2,아리랑산장어구이,,061-842-7797,고흥군,전라남도 고흥군 도양읍 비봉로 177,매주수요일,가능,녹동항 바다정원,
2,경성식당,한식,061-843-9909,고흥군,전라남도 고흥군 도덕면 학동1길 30,연중무휴,가능,고흥우주천문과학관,
2,금탑회관,한식,061-832-2220,고흥군,전라남도 고흥군 고흥읍 학교길 47,매주일요일,가능,고흥 존심당 및 아문,
2,대진,생선회,061-842-0003,고흥군,전라남도 고흥군 도양읍 비봉로 257,연중무휴,가능,녹동항 바다정원,
2,담양숯불갈비,,061-833-9922,고흥군,"전라남도 고흥군 고흥읍 고흥로 1723 (음식점), 1층",매월둘째넷째일요일,,고흥 존심당 및 아문,
2,도야숯불갈비,,061-833-9292,고흥군,전라남도 고흥군 고흥읍 홍교길 10 1층,연중무휴,,고흥 존심당 및 아문,
2,해변횟집,생선회,061-835-8535,고흥군,전라남도 고흥군 두원면 두원로 1307,연중무휴,가능,대전해수욕장,
2,한우촌,소고기구이,061-844-4664,고흥군,전라남도 고흥군 금산면 거금중앙길 126-1,연중무휴,가능,송광암,
2,청정산장어구이,,061-835-1026,고흥군,전라남도 고흥군 도화면 천마로 2281,연중무휴,가능,충무사(고흥),
2,진미회관,감자탕,061-833-6615,고흥군,전라남도 고흥군 봉래면 나로도항길 135,매달첫째화요일,가능,힐링파크 쑥섬쑥섬 (애도),
2,백상회관,한식,061-835-8788,고흥군,전라남도 고흥군 고흥읍 봉황길 26-8,연중무휴,,고흥 존심당 및 아문,
2,늘푸른식당,한식,061-833-0037,고흥군,전라남도 고흥군 고흥읍 고흥로 1688,매주일요일,가능,남열해돋이해수욕장,
2,성천관광횟집,생선회,061-835-1213,고흥군,전라남도 고흥군 동일면 덕흥양쪽길 118,연중무휴,가능,덕흥해수욕장,
2,송월관,한식,061-842-2228,고흥군,전라남도 고흥군 도양읍 녹동남촌1길 6-3,매월첫째.셋째일요일,가능,녹동항,
2,녹동별난국밥,국밥,061-843-8898,고흥군,전라남도 고흥군 도양읍 비봉로 263,연중무휴,가능,녹동항 바다정원,
2,고흥맛집,한식,061-833-8442,고흥군,전라남도 고흥군 동강면 고흥로 4271,연중무휴,가능,재동서원,
2,월포가든,한식,061-842-8425,고흥군,전라남도 고흥군 금산면 오룡동길 19,매주수요일,가능,적대봉,
2,소나무집가든,한식,061-833-0300,고흥군,전라남도 고흥군 고흥읍 봉남봉동길81,매주월요일,가능,고흥 존심당 및 아문,
2,소담,한식,061-835-3633,고흥군,전라남도 고흥군 고흥읍 서문여산길 38 1층,"2, 4주 토요일",,고흥 존심당 및 아문,
2,장수골,한식,061-842-6669,고흥군,전라남도 고흥군 도양읍 녹동남촌2길18,연중무휴,,녹동항,
2,청록,한식,061-842-3519,고흥군,전라남도 고흥군 도양읍 녹동1길11-6,첫째세째수요일,,녹동항 바다정원,
2,대복식당,한식,061-833-9280,고흥군,전라남도 고흥군 고흥읍 장전신전길 6,연중무휴,가능,남열해돋이해수욕장,
2,영남만나식당,한식,061-834-8115,고흥군,전라남도 고흥군 영남면 해맞이로 15,매주일요일,가능,남포미술관,
2,티파니,카페,061-833-8416,고흥군,전라남도 고흥군 포두면 내산길 3-6,매주월요일,가능,마복산 목재문화체험장,
2,백세갈비,,061-832-5700,고흥군,전라남도 고흥군 도화면 중심길7-6,매월 첫째.세째 월요일,가능,충무사(고흥),
2,미성참갈비,,061-842-0045,고흥군,전라남도 고흥군 도양읍 녹동남촌3길22 101호,매주화요일,가능,녹동항 바다정원,
2,돈가해장국,해장국,061-833-6531,고흥군,전라남도 고흥군 고흥읍 여산당촌길 46,매월 첫째.셋째일요일,가능,남열해돋이해수욕장,
2,큰맘할매순대국,,061-835-7511,고흥군,전라남도 고흥군 고흥읍 고흥군청로 33 103~105,첫째셋째월요일,,남열해돋이해수욕장,
2,삼보횟집,생선회,061-844-8800,고흥군,전라남도 고흥군 도양읍 목넘가는길 12,매월넷째주 수요일,가능,녹동항,
2,청해식육식당,,061-842-3917,고흥군,"전라남도 고흥군 도양읍 번영1길3 101,102호",연중무휴,가능,녹동항,
2,순천식당,한식,061-833-6441,고흥군,전라남도 고흥군 봉래면 나로도항길 117,연중무휴,가능,힐링파크 쑥섬쑥섬 (애도),
2,선비촌,한식,061-843-9097,고흥군,전라남도 고흥군 금산면 거금중앙길 134,연중무휴,가능,송광암,
2,박여사아구,,061-832-6868,고흥군,전라남도 고흥군 고흥읍 홍교당촌길 3,매주토요일,,고흥 존심당 및 아문,
2,우리집오리,오리요리,061-842-0887,고흥군,전라남도 고흥군 도양읍 천마로 51,매주수요일,가능,녹동항,
2,평산횟집,생선회,061-843-8972,고흥군,전라남도 고흥군 금산면 평산길 80,연중무휴,가능,적대봉,
2,동경갈비,,061-842-9191,고흥군,"전라남도 고흥군 금산면 거금중앙길 117-8,2층",매주일요일,,송광암,
2,남쪽나라쉼터가든,한식,061-835-9449,고흥군,전라남도 고흥군 포두면 우주로 1953,연중무휴,가능,덕양서원(고흥),
2,삼원락갈비,,061-834-5757,고흥군,전라남도 고흥군 고흥읍 여산당촌길 35,연중무휴,가능,남열해돋이해수욕장,
2,포두촌닭,닭요리,061-835-4455,고흥군,전라남도 고흥군 포두면 우주로 685,매월 둘째.넷째월요일,가능,마복산 목재문화체험장,
2,토박이,한식,061-842-8700,고흥군,전라남도 고흥군 도양읍 우주항공로15 103호,매월 둘째.넷째금요일,가능,녹동항 바다정원,
2,맛난갈비,,061-833-9291,고흥군,전라남도 고흥군 고흥읍 고흥로 1614,매주토요일,가능,남열해돋이해수욕장,
2,풍경채,한식,061-832-6777,고흥군,전라남도 고흥군 고흥읍 흥양길76,매주토요일일요일,가능,고흥향교,
2,바다마을,생선회,061-833-9192,고흥군,전라남도 고흥군 도양읍 북문길7-4,매주월요일,가능,녹동항,
2,명태골,한식,061-832-1414,고흥군,전라남도 고흥군 고흥읍 봉황길 6,매주토요일,,고흥 존심당 및 아문,
2,황금오리,오리요리,061-842-5292,고흥군,전라남도 고흥군 도양읍 우주항공로 43,매주일요일,가능,녹동항 바다정원,
2,삼부자횟집,생선회,061-842-1177,고흥군,전라남도 고흥군 도양읍 동두메2길 5,매주월요일,가능,녹동항 바다정원,
2,양산박,한식,061-834-5229,고흥군,전라남도 고흥군 풍양면 죽시장터길 32,매월 둘째.넷째 일요일,가능,고흥 유자공원,
2,녹동민물장어직판장,,061-842-4300,고흥군,전라남도 고흥군 도양읍 녹동신항2길 32,매주일요일,가능,녹동항 바다정원,
2,정일품정육식당,,061-833-8866,고흥군,"전라남도 고흥군 고흥읍 봉동주공길43, 104,105호",첫째셋째. 토요일,가능,고흥 존심당 및 아문,
2,미운오리,오리요리,061-833-9737,고흥군,전라남도 고흥군 고흥읍 호산로 845,매주일요일,가능,남열해돋이해수욕장,
2,동방기사식당,한식,061-832-9445,고흥군,전라남도 고흥군 과역면 고흥로 2921,연중무휴,가능,수도암(고흥),
2,동강갈비탕,,061-833-2814,고흥군,전라남도 고흥군 동강면 고흥로 4786-3,연중무휴,가능,흥덕사,
2,송학식당,한식,061-842-3635,고흥군,전라남도 고흥군 도양읍 명동길 12,매월 처째.셋째수요일,가능,녹동항 바다정원,
2,일미식당,한식,061-835-4018,고흥군,전라남도 고흥군 두원면 두원로 473-1,매주일요일,가능,고흥 무열사,
2,삼국시대감자탕녹동점,감자탕,061-842-3900,고흥군,전라남도 고흥군 도양읍 우주항공로 6,연중무휴,가능,녹동항 바다정원,
2,덕성루,,061-834-2626,고흥군,전라남도 고흥군 고흥읍 봉동주공길 3-1,매주월요일,가능,고흥 존심당 및 아문,
2,외서댁꼬막나라,한식,061-858-3330,보성군,전라남도 보성군 벌교읍 조정래길 60,,가능,소화다리(부용교),
2,여자만,음식점,061-858-5092,보성군,전라남도 보성군 벌교읍 채동선로 151,"2, 4주 수요일",가능,구 보성여관,
2,보성명가,한식,061-852-0091,보성군,전라남도 보성군 보성읍 용문길 7,매월 첫째주 셋째주 일요일,가능,보성문화원,
2,청마루식당,한식,061-852-8011,보성군,전라남도 보성군 보성읍 중앙로 98-1,일요일,,보성향교,
2,백옥정,음식점,061-853-5325,보성군,전라남도 보성군 미력면 예재로 1,,가능,삼우당충선공강성군부민후 문익점 부조묘,
2,삼일풍천장어,,061-852-1900,보성군,전라남도 보성군 회천면 남부관광로 2313,매월 첫째주 셋째주 화요일,가능,율포해수풀장,
2,일품장어나라,,061-858-6104,보성군,전라남도 보성군 벌교읍 시장2길 12,월요일,가능,구 보성여관,
2,보리보리쌀,한식뷔페,061-858-5496,보성군,전라남도 보성군 벌교읍 조정래길 300,일요일,가능,보성 벌교 홍교,
2,달국자,음식점,061-853-0038,보성군,전라남도 보성군 득량면 예당길 13,,가능,보성 강골마을,
2,부용산꼬막식당,한식,061-857-3533,보성군,전라남도 보성군 벌교읍 벌교천1길 49,,가능,소화다리(부용교),
2,보성아라낙지,,061-852-1549,보성군,전라남도 보성군 회천면 우암길 27-20,,가능,율포해수욕장(솔밭해변),
2,한우랑돼지랑,,061-853-3399,보성군,전라남도 보성군 회천면 우암길 27-14,,가능,율포해수욕장(솔밭해변),
2,한가네진땡이,,061-857-2036,보성군,전라남도 보성군 벌교읍 홍암로 28,일요일,가능,구 보성여관,
2,정가네원조꼬막회관,한식,061-857-2211,보성군,전라남도 보성군 벌교읍 조정래길 55,,가능,소화다리(부용교),
2,성훈이네횟집,생선회,061-852-1935,보성군,전라남도 보성군 회천면 우암길 27-24,,가능,율포해수욕장(솔밭해변),
2,수일억조횟집,생선회,061-853-9797,보성군,전라남도 보성군 회천면 우암길 27-67,,가능,율포해수욕장(솔밭해변),
2,장수촌식당,한식,061-857-3020,보성군,전라남도 보성군 조성면 조성로 101-1,,가능,보성싱싱농원,
2,대원정,한식,061-852-8623,보성군,전라남도 보성군 보성읍 새싹길 84,월요일,,보성향교,
2,청광도예원,한식,061-853-4125,보성군,전라남도 보성군 보성읍 사동길 52-11,매월 둘째주 넷째주 월요일,가능,한국차박물관,
2,오늘한점,,061-857-8295,보성군,전라남도 보성군 벌교읍 홍암로 120,첫째주 월요일,가능,태백산맥문학관,
2,녹차골추어탕,추어탕,061-853-9281,보성군,전라남도 보성군 보성읍 녹차로 987-2,,가능,보성 골망태다원,
2,수복식당,한식,061-853-3032,보성군,전라남도 보성군 보성읍 중앙로 102-1,,,보성향교,
2,사계절바다맛집,한식,061-852-3060,보성군,전라남도 보성군 회천면 남부관광로 2175,매월 첫째주 셋째주 월요일,가능,율포해수풀장,
2,대경,음식점,061-858-0119,보성군,전라남도 보성군 벌교읍 채동선로 136-13,월요일,가능,구 보성여관,
2,보성한우직판장,한식,061-853-5266,보성군,전라남도 보성군 회천면 우암1길 10,,,율포오토캠핑리조트,
2,원조꼬막식당,한식,061-857-7675,보성군,전라남도 보성군 벌교읍 태백산맥길 1,,가능,구 보성여관,
2,늘푸른 흑염소가든,한식,061-853-0206,보성군,전라남도 보성군 노동면 예재로 397,일요일,가능,삼우당충선공강성군부민후 문익점 부조묘,
2,보성관,한식,061-852-2700,보성군,전라남도 보성군 보성읍 송재로 161-3,매월 첫째주 셋째주 일요일,,보성향교,
2,다향회관,한식,061-853-3396,보성군,전라남도 보성군 보성읍 용문길 19,,가능,보성문화원,
2,율포봇재가든,음식점,061-852-3500,보성군,전라남도 보성군 회천면 남부관광로 2299,,가능,율포해수풀장,
2,예당한우명가식육식당,소고기구이,061-853-0332,보성군,전라남도 보성군 득량면 파청길 3,,가능,보성 강골마을,
2,향우식당 한정식,한정식,061-857-0847,보성군,전라남도 보성군 벌교읍 신정길 4-41,첫째주 월요일,가능,태백산맥문학관,
2,춘하추동회관,한식,061-852-2787,보성군,전라남도 보성군 보성읍 동산길 12-9,일요일,,보성향교,
2,해돋이횟집,생선회,061-852-6790,보성군,전라남도 보성군 회천면 남부관광로 2305,,가능,율포해수풀장,
2,임가네식육식당,,061-852-2669,보성군,"전라남도 보성군 보성읍 봉화로 53, 301호",,가능,보성향교,
2,갯마을횟집,생선회,061-852-8103,보성군,전라남도 보성군 회천면 우암길 27-12,,가능,율포해수욕장(솔밭해변),
2,해연,한정식,061-857-2300,보성군,전라남도 보성군 벌교읍 장좌월곡길 166-27,"2, 4주 월, 화요일",가능,구 보성여관,
2,강나루,한식,061-857-9600,보성군,전라남도 보성군 벌교읍 벌교천1길 9,,가능,구 보성여관,
2,보성녹차떡갈비보성녹돈특미관,,061-852-4545,보성군,전라남도 보성군 보성읍 봉화로 53,,가능,보성향교,
2,(유)보성녹차떡갈비 원조,,061-853-0555,보성군,전라남도 보성군 보성읍 흥성로 2541-4,매월 첫째주 셋째주 월요일,가능,보성향교,
2,식물나라,오리요리,061-372-2566,화순군,전라남도 화순군 화순읍 유천리 299-0,매주월요일,가능,만연폭포,
2,낙지촌,,061-372-2177,화순군,전라남도 화순군 화순읍 서양로 337,연중무휴,가능,최경회사당,
2,해태집,한식,,화순군,전라남도 화순군 화순읍 광덕로 247,첫째.세째 일요일 휴무,,화순향교,
2,정원카페,카페,061-373-8851,화순군,전라남도 화순군 화순읍 대리 97-2,연중무휴,가능,대리칠충각,
2,현대옥,한식,061-375-8686,화순군,전라남도 화순군 화순읍 칠충로 16,연중무휴,가능,대리칠충각,
2,오이시초밥,,061-373-4848,화순군,전라남도 화순군 화순읍 자치샘로 81-9,연중무휴,,남산공원(화순),
2,폭포가든,닭요리,061-374-2229,화순군,전라남도 화순군 화순읍 안양산로 93-10,매주월요일,가능,만연폭포,
2,달맞이흑두부,,061-372-8465,화순군,전라남도 화순군 동면 천덕리 480번지,연중무휴,가능,환산정,
2,고구려,한식,061-373-0082,화순군,전라남도 화순군 도곡면 천암리 117-3,연중무휴,가능,도곡원네스 리조트,
2,수만리커피,카페,061-374-0933,화순군,전라남도 화순군 화순읍 수만리 287-9,,,무등산편백자연휴양림(안양산자연휴양림),
2,약산흑염소,한식,061-373-9292,화순군,전라남도 화순군 화순읍 상삼2길 13-9,연중무휴,가능,남산공원(화순),
2,조개까는꼼장어,,061-373-5592,화순군,전라남도 화순군 화순읍 대교로 87,연중무휴,,화순향교,
2,벽오동도곡점,한식,061-374-3799,화순군,전라남도 화순군 도곡면 원화리 348,연중무휴,가능,도곡원네스 리조트,
2,하오쯔짬뽕,,061-372-4848,화순군,전라남도 화순군 도곡면 천암리 696-32,연중무휴,가능,도곡원네스 리조트,
2,초우,한식,061-374-9978,화순군,전라남도 화순군 도곡면 원화리 291-6,연중무휴,가능,도곡원네스 리조트,
2,카페벽오동,카페,061-372-6669,화순군,전라남도 화순군 화순읍 안양산로 145,연중무휴,,만연폭포,
2,산마을다람쥐,한식,061-372-1859,화순군,전라남도 화순군 화순읍 수만리 450번지 1호,,가능,무등산 양떼목장,
2,완타치일품청국장,한식,061-375-9284,화순군,전라남도 화순군 능주면 석고리 194-1,,가능,죽수절제아문,
2,벽오동화순점,한식,061-373-9997,화순군,"전라남도 화순군 화순읍 유천리 2-12, ",연중무휴,가능,만연폭포,
2,내고향맛자랑,한식,061-374-5420,화순군,전라남도 화순군 도곡면 원화리 385,연중무휴,가능,화순광산이씨승지공비,
2,양지식당,한식,061-372-1602,화순군,전라남도 화순군 능주면 관영리 226번지 6호,연중무휴,가능,죽수절제아문,
2,가내수공업,,061-375-6449,화순군,전라남도 화순군 화순읍 서양로 340,연중무휴,가능,만연폭포,
2,달빛,한식,061-375-0092,화순군,전라남도 화순군 도곡면 원화리 367,연중무휴,가능,화순광산이씨승지공비,
2,유진정,오리요리,061-375-5245,화순군,전라남도 화순군 도곡면 원화리 341,연중무휴,가능,도곡원네스 리조트,
2,봉순이팥죽,죽,061-375-8735,화순군,전라남도 화순군 화순읍 칠충로 132,매주일요일,,남산공원(화순),
2,도곡애떡갈비,,061-375-0689,화순군,전라남도 화순군 도곡면 원화리 349-1,연중무휴,가능,화순광산이씨승지공비,
2,연기향,,061-372-7711,화순군,전라남도 화순군 화순읍 서양로 354,연중무휴,가능,만연폭포,
2,부잣집,,061-374-5086,화순군,전라남도 화순군 도곡면 원화리 187-1,월요일,가능,도곡원네스 리조트,
2,손맛이 정말 좋아,베트남음식,061-374-8607,화순군,전라남도 화순군 화순읍 충의로 88,매주일요일,가능,남산공원(화순),
2,화성식육식당,,061-374-2806,화순군,전라남도 화순군 화순읍 훈리 65-2,연중무휴,,화순향교,
2,삼육구숯불구이전문점,,061-372-3690,화순군,전라남도 화순군 화순읍 만연로 66-3,연중무휴,가능,남산공원(화순),
2,구지가,한식,061-373-9452,화순군,전라남도 화순군 화순읍 앵남리 658-8,연중무휴,,화순광산이씨승지공비,
2,둥근지붕,한식,061-371-3333,화순군,전라남도 화순군 도곡면 천암리 696-164,연중무휴,가능,도곡원네스 리조트,
2,별빛,한식,061-374-5181,화순군,전라남도 화순군 도곡면 원화리 189-2,매주목요일,가능,도곡원네스 리조트,
2,백년가든,삼계탕,061-373-5161,화순군,전라남도 화순군 화순읍 화보로 4132,연중무휴,가능,대리칠충각,
2,다다미,한식,061-375-8966,화순군,전라남도 화순군 화순읍 오성로 570,연중무휴,가능,화순대리석불입상,
2,색동두부,,061-375-5066,화순군,전라남도 화순군 도곡면 원화리 41,연중무휴,가능,도곡원네스 리조트,
2,임광복의뜨락,한식,061-372-8015,화순군,전라남도 화순군 화순읍 동구리 168-5,연중무휴,가능,만연사(화순),
2,운주골추어탕&가자미물회,추어탕,061-372-1999,화순군,전라남도 화순군 화순읍 대리 300-1,연중무휴,가능,화순대리석불입상,
2,벽오동설렁탕전문점,설렁탕,061-374-3799,화순군,전라남도 화순군 도곡면 원화리 318,연중무휴,가능,도곡원네스 리조트,
2,쭈꾸미사랑,,061-371-0008,화순군,전라남도 화순군 도곡면 지강로 429 (외 1필지 1.2층),연중무휴,가능,도곡원네스 리조트,
2,만강장어명품관,,061-375-5525,화순군,전라남도 화순군 도곡면 지강로 444,매주윌요실,가능,도곡원네스 리조트,
2,행복한임금님,한식,061-374-0211,화순군,전라남도 화순군 도곡면 지강로 532(1층),연중무휴,가능,화순광산이씨승지공비,
2,고향식당,한식,061-862-0731,장흥군,전라남도 장흥군 안양면 남부관광로 470,연중무휴,가능,정남진 편백숲 우드랜드,
2,미소,,061-864-8892,장흥군,전라남도 장흥군 장흥읍 건산로 19,"2, 4주 일요일",가능,탐진강 생태습지원,
2,천관산쉼터,한식,061-867-7886,장흥군,전라남도 장흥군 관산읍 방촌1길 44-141,월요일,가능,장흥 오헌고택 (구 위성탁 가옥),
2,유리수산횟집,생선회,061-867-8670,장흥군,전라남도 장흥군 관산읍 옥당2길 2,"첫째주,넷째주 월요일",가능,장흥 옥당리 효자송,
2,장흥천관한우식당,소고기구이,061-864-5353,장흥군,전라남도 장흥군 장흥읍 토요시장2길 15,연중무휴,가능,예양서원,
2,닭치고오리,오리요리,061-864-9293,장흥군,전라남도 장흥군 장흥읍 의향길 1,연중무휴,가능,정남진물과학관,
2,땅몰가든,한식,061-862-0822,장흥군,전라남도 장흥군 안양면 남부관광로 500-18,,,억불산,
2,관산반점,,061-867-2238,장흥군,전라남도 장흥군 관산읍 칠관로 1562,"15일, 30일",,장흥 옥당리 효자송,
2,조은막창구이,한식,061-862-7007,장흥군,전라남도 장흥군 동교3길 16,연중무휴,가능,탐진강 생태습지원,
2,화풍,,061-862-0118,장흥군,전라남도 장흥군 장흥읍 물레방앗간길 25-13,연중무휴,가능,탐진강 생태습지원,
2,황칠나라,한식,061-864-5288,장흥군,"전라남도 장흥군 건산로 62, 건산로62-2",일요일,가능,정남진물과학관,
2,싱싱회마을,생선회,061-863-8555,장흥군,전라남도 장흥군 동교3길 25,2주 일요일,가능,탐진강 생태습지원,
2,대복2관,한식,061-864-1500,장흥군,전라남도 장흥군 장흥읍 동교로 36-10,연중무휴,가능,정남진물과학관,
2,정남진한우사랑,소고기구이,061-867-9292,장흥군,전라남도 장흥군 회진면 회진로 437,일요일,가능,장흥 회령진성,
2,갯마을횟집,생선회,061-862-1203,장흥군,전라남도 장흥군 안양면 수문용곡로 141,수요일,가능,장흥 키조개마을,
2,한우마을,소고기구이,061-864-5665,장흥군,전라남도 장흥군 장흥읍 칠거리예양로 46-12,연중무휴,가능,예양서원,
2,부부한우,소고기구이,061-862-8747,장흥군,전라남도 장흥군 장흥읍 토요시장3길 4-1,연중무휴,가능,탐진강 생태습지원,
2,청수가든,한식,061-867-2388,장흥군,전라남도 장흥군 관산읍 천관산길 104,연중무휴,가능,장흥 오헌고택 (구 위성탁 가옥),
2,정남진갈치전문점,,061-862-7113,장흥군,전라남도 장흥군 장흥읍 동교3길 37,일요일,가능,탐진강 생태습지원,
2,안동국밥,국밥,061-862-0877,장흥군,전라남도 장흥군 장흥읍 남부관광로 23,연중무휴,가능,탐진강 생태습지원,
2,장흥한우삼합구이,소고기구이,061-864-0097,장흥군,전라남도 장흥군 장흥읍 토요시장2길 9-2,연중무휴,가능,예양서원,
2,신들뫼바다,,061-864-5335,장흥군,전라남도 장흥군 장흥읍 북부로 19,일요일,가능,정남진물과학관,
2,등뼈,감자탕,061-863-8006,장흥군,전라남도 장흥군 장흥읍 물레방앗간길 9,연중무휴,가능,탐진강 생태습지원,
2,조마루감자탕,감자탕,061-863-4486,장흥군,전라남도 장흥군 장흥읍 남부관광로 27,연중무휴,가능,귀족호도박물관,
2,전주콩나물해장국밥,국밥,061-864-1991,장흥군,전라남도 장흥군 장흥읍 건산로 49,연중무휴,가능,탐진강 생태습지원,
2,탐진강오리,오리요리,061-864-6656,장흥군,전라남도 장흥군 장흥읍 남외예양길 10,"첫째주,셋째주 월요일",가능,장흥동학농민혁명기념관,
2,천지인,한식,061-863-7772,장흥군,전라남도 장흥군 장흥읍 내평길 25-38,연중무휴,가능,귀족호도박물관,
2,맛고을,,061-867-8824,장흥군,전라남도 장흥군 관산읍 천관산길 106,"첫째주,셋째주 월요일",가능,장흥 오헌고택 (구 위성탁 가옥),
2,홍가네흑염소가든,한식,061-864-5989,장흥군,전라남도 장흥군 장평면 곰치로 739,일요일,가능,고산사(장흥),
2,돈단지,,061-864-7992,장흥군,전라남도 장흥군 장흥읍 물레방앗간길 16,"첫째주,셋째주 토요일",가능,탐진강 생태습지원,
2,가람감자탕,감자탕,061-864-1333,장흥군,전라남도 장흥군 장흥읍 동교2길 14-7,연중무휴,가능,탐진강 생태습지원,
2,녹원가,한식,061-864-9294,장흥군,전라남도 장흥군 장흥읍 동부로 24,"2, 4주 화요일",가능,탐진강 생태습지원,
2,운동장가든,한식,061-863-6114,장흥군,전라남도 장흥군 장흥읍 읍성로 5-26,"매주 토요일,일요일",가능,장흥동학농민혁명기념관,
2,세양회전문점,생선회,061-864-8222,장흥군,전라남도 장흥군 장흥읍 건산로 40,없음,가능,탐진강 생태습지원,
2,영천민물장어,,061-862-9906,장흥군,전라남도 장흥군 안양면 안양로 151,일요일,가능,억불산,
2,동방불패,,061-863-2580,장흥군,전라남도 장흥군 장흥읍 동교3길 26,"첫째주,셋째주 일요일",가능,탐진강 생태습지원,
2,명가아구찜,,061-863-7589,장흥군,전라남도 장흥군 장흥읍 동교3길 31,,,탐진강 생태습지원,
2,귀보아구찜,,061-863-5974,장흥군,전라남도 장흥군 동교2길 50,"2, 4주 일요일",가능,탐진강 생태습지원,
2,빛고을맛집,한식,061-867-4644,장흥군,전라남도 장흥군 관산읍 삼산관덕길 80,,가능,장흥 삼산리 후박나무,
2,유희의반상,음식점,061-863-6622,장흥군,전라남도 장흥군 장흥읍 동교2길 1,"2, 4주 월요일",가능,탐진강 생태습지원,
2,바다하우스,생선회,061-862-1021,장흥군,전라남도 장흥군 안양면 수문용곡로 139,월요일,가능,장흥 키조개마을,
2,연송맛집,한식,061-863-3727,장흥군,전라남도 장흥군 장흥읍 물레방앗간길 25-6,,,탐진강 생태습지원,
2,천관산한우식육식당,소고기구이,061-867-5557,장흥군,전라남도 장흥군 대덕읍 거정2길 10,"첫째주,셋째주 일요일",가능,천관문학관,
2,장흥일등한우식당,소고기구이,061-863-9291,장흥군,"전라남도 장흥군 장흥읍 토요시장3길 10-1, (2층)",셋째주 월요일,가능,탐진강 생태습지원,
2,정남진전망대횟집,생선회,061-867-4616,장흥군,전라남도 장흥군 관산읍 정남진해안로 212-57,연중무휴,가능,정남진 전망대,
2,병영식당횟집,생선회,061-867-2276,장흥군,전라남도 장흥군 관산읍 정남진로 3-7,일요일,가능,장흥 방촌리 석장승,
2,오리앤오리,오리요리,061-862-5222,장흥군,전라남도 장흥군 장흥읍 우드랜드길 84,연중무휴,가능,귀족호도박물관,
2,포차12번지,한식,061-864-0067,장흥군,전라남도 장흥군 장흥읍 물레방앗간길 12,"첫째주,셋째주 일요일",가능,탐진강 생태습지원,
2,화끈한한우삼합구이,소고기구이,061-863-7733,장흥군,전라남도 장흥군 장흥읍 토요시장1길 33,연중무휴,가능,탐진강 생태습지원,
2,탐진강메기탕,한식,061-864-6543,장흥군,전라남도 장흥군 장흥읍 송산길 56,연중무휴,가능,탐진강,
2,명동식당관광,,061-864-2727,장흥군,전라남도 장흥군 남부관광로 194,,,귀족호도박물관,
2,천관회관,한식,061-867-2677,장흥군,전라남도 장흥군 관산읍 장흥대로 1674,"2, 4주 일요일",가능,장흥 방촌리 석장승,
2,강남아구찜 대구뽈테기,,061-864-1800,장흥군,전라남도 장흥군 장흥읍 장흥대로 3267,월요일,가능,장흥동학농민혁명기념관,
2,금다원,한식,061-863-8567,장흥군,전라남도 장흥군 장흥읍 장흥로 90,일요일,가능,연곡서원,
2,탐마루,한식,061-862-8292,장흥군,전라남도 장흥군 장흥읍 장흥로 1 (탐마루),화요일,가능,예양서원,
2,남도,한식,061-863-5645,장흥군,전라남도 장흥군 동교1길 19,"2, 4주 일요일",가능,탐진강 생태습지원,
2,문수헌,한식,061-863-8484,장흥군,전라남도 장흥군 장흥읍 외평길 152,월요일,가능,귀족호도박물관,
2,오얏리돌솥밥,한식,061-864-8300,장흥군,전라남도 장흥군 장흥읍 북부로 70,일요일,가능,정남진물과학관,
2,정남진만나숯불갈비식육식당,,061-864-1818,장흥군,전라남도 장흥군 장흥읍 물레방앗간길 4,셋째주 월요일,가능,탐진강 생태습지원,
2,용곡회마을,,061-862-1199,장흥군,전라남도 장흥군 안양면 용곡길 59,연중무휴,가능,스파리조트 안단테,
2,구쁘한우관,소고기구이,061-863-5989,장흥군,전라남도 장흥군 장흥읍 토요시장1길 53,연중무휴,가능,예양서원,
2,수종가든,한식,061-863-6822,장흥군,전라남도 장흥군 장흥읍 우드랜드길 21,일요일,가능,귀족호도박물관,
2,한들,한식,061-862-4533,장흥군,전라남도 장흥군 토요시장1길 9,일요일,가능,탐진강 생태습지원,
2,강진궁전한우촌명성축산영농조합법인,소고기구이,061-432-2771,강진군,전라남도 강진군 강진읍 보은로 62,,가능,강진문화원,
2,강진착한한우명품관,소고기구이,061-434-0043,강진군,전라남도 강진군 강진읍 종합운동장길 50-10,일요일,가능,강진 오감통,
2,강진흑염소,한식,061-434-4951,강진군,전라남도 강진군 강진읍 보은로2길 18,,가능,강진문화원,
2,거목마루,한식,061-434-8088,강진군,전라남도 강진군 성전면 도림로 34,일요일,가능,고성사(강진),
2,남도국밥,국밥,061-433-9599,강진군,전라남도 강진군 강진읍 보은로 71-1,,가능,강진문화원,
2,달구지식당,,061-432-3839,강진군,전라남도 강진군 마량면 마량3길 27,,가능,강진마도진만호성지,
2,모란아구찜,,061-433-1238,강진군,전라남도 강진군 강진읍 보은로2길 24-1,,가능,강진문화원,
2,바우식당,,061-432-0513,강진군,전라남도 강진군 강진읍 보은로1길 29,첫째주 일요일,가능,강진문화원,
2,서문정,한식,061-432-5253,강진군,전라남도 강진군 강진읍 서문길 7 101호,,가능,강진영랑생가,
2,아궁이,한식,061-432-2150,강진군,전라남도 강진군 강진읍 보은로2길 20,,가능,강진문화원,
2,염대감 나주곰탕,,061-433-5454,강진군,전라남도 강진군 강진읍 영랑로 55,일요일,가능,강진영랑생가,
2,옛날팥죽,죽,061-434-7733,강진군,전라남도 강진군 성전면 신풍길 39-22,,가능,강진 청자골달마지마을,
2,옥이생선구이정식,생선구이,061-433-3392,강진군,전라남도 강진군 강진읍 보은로안길 32,화요일,가능,강진 나이트 드림,
2,우아민물나라,한식,061-432-5777,강진군,전라남도 강진군 성전면 사문로 98,"2, 4주 월요일",가능,녹향월촌마을,
2,원정흑염소,한식,061-434-1001,강진군,전라남도 강진군 성전면 예향로 59-10,,가능,강진 청자골달마지마을,
2,인생극장 쪽갈비,,061-432-1245,강진군,전라남도 강진군 강진읍 서성안길 8,,가능,강진군도서관,
2,저두맛집,한식,061-433-7114,강진군,전라남도 강진군 강진읍 보은로3길 20,,가능,강진 오감통,
2,전주콩나물국밥유명한집,국밥,061-432-3236,강진군,전라남도 강진군 강진읍 탐진로 135,,가능,사의재저잣거리,
2,조선제일국밥,국밥,061-434-4567,강진군,전라남도 강진군 강진읍 보은로4길 24,일요일,가능,강진 오감통,
2,차이나 루,,061-432-4977,강진군,전라남도 강진군 강진읍 중앙로 113 16호,,가능,강진군도서관,
2,청풍,닭요리,061-434-1230,강진군,전라남도 강진군 강진읍 동성로18,,가능,강진 오감통,
2,카페.제이피지(Cafe.jpg),카페,061-432-0005,강진군,전라남도 강진군 강진읍 사의재길 53-1,,가능,사의재저잣거리,
2,한끼,,061-432-5030,강진군,전라남도 강진군 강진읍 보은로1길 15,일요일,가능,강진문화원,
2,함지박,한식,061-433-3132,강진군,"전라남도 강진군 마량면 마량5길 20, 2층",,가능,마량미항(마량항),
2,황칠코리아 목삼정,한식,061-434-3738,강진군,전라남도 강진군 강진읍 덕남로 87,일요일,가능,옥련사(강진),
2,돈오리뚝배기,오리요리,061-532-4171,해남군,전라남도 해남군 해남읍 교육청길 37,"2, 4주 토요일",가능,해촌서원,
2,다도해,한식,061-533-2793,해남군,전라남도 해남군 송지면 땅끝마을길 51,,가능,갈두마을(땅끝마을),
2,전라도가정식백반,,061-532-5004,해남군,전라남도 해남군 송지면 땅끝마을길 43,,가능,갈두마을(땅끝마을),
2,금강골민물장어,,061-535-3599,해남군,전라남도 해남군 해남읍 해리2길 7,일요일,가능,해촌서원,
2,태양정,오리요리,061-535-4751,해남군,전라남도 해남군 삼산면 매정길 53,,가능,남도한옥민박마을,
2,청솔복집,복어요리,061-535-0186,해남군,전라남도 해남군 해남읍 북부순환로 97,,가능,해남문화원,
2,궁전해물탕,해물탕,061-535-2992,해남군,전라남도 해남군 해남읍 남부순환로 48,일요일,가능,해남문화원,
2,진수산민물숯불장어,,061-535-9422,해남군,전라남도 해남군 송지면 산정1길 132,연중무휴,,송지 대죽리 조개잡이 체험장,
2,황궁물회,생선회,061-533-2158,해남군,전라남도 해남군 해남읍 북부순환로 148,"2, 4주 일요일",가능,해남문화예술회관,
2,소담소담,한식,061-533-7749,해남군,전라남도 해남군 북일면 오소재로 12,매주 일요일 휴,가능,성도사,
2,차경식당,,061-536-6859,해남군,전라남도 해남군 북평면 백도로 134,첫째 세쩨 월요일 휴무,가능,오산어촌체험마을,
2,만호가든,한식,061-537-6540,해남군,전라남도 해남군 삼산면 해남화산로 607-4,,가능,김남주 생가,
2,가학산흑염소요리전문점,한식,061-534-7638,해남군,전라남도 해남군 계곡면 해남로 1453,"첫째,셋째 일요일휴무",가능,해남 방춘정,
2,땅끝바다횟집,생선회,061-534-6422,해남군,전라남도 해남군 송지면 땅끝마을길 38-7,,가능,갈두마을(땅끝마을),
2,고기나라,한식,061-536-2223,해남군,전라남도 해남군 해남읍 남부순환로 59,,가능,해남문화원,
2,매화정,,061-536-5050,해남군,전라남도 해남군 삼산면 고산로 689,화요일,가능,남도한옥민박마을,
2,미송가든,한식,061-534-1005,해남군,전라남도 해남군 산이면 산이로 529,,가능,해남 해바라기농장,
2,금강산횟집,생선회,061-535-5114,해남군,전라남도 해남군 문내면 관광레저로 5,,가능,명량해협 울돌목,
2,남창휴게소,한식,061-535-0088,해남군,전라남도 해남군 북평면 백도로 143,,가능,오산어촌체험마을,
2,땅끝기와집,한정식,061-534-2322,해남군,전라남도 해남군 해남읍 법원길 29,일요일,가능,해남문화예술회관,
2,삼화기사님한정식뷔페,한식뷔페,061-471-0585,영암군,전라남도 영암군 덕진면 예향로 1796,4주 일요일,,녹동서원,
2,소문난만두김밥전문점,김밥,061-473-7484,영암군,전라남도 영암군 영암읍 중앙로 20,매주일요일,가능,녹동서원,
2,독천갈낙탕,한식,061-472-6909,영암군,전라남도 영암군 학산면 영산로12-10,연중무휴,가능,영암 장천리 선사주거지,
2,언덕위에하얀집,카페,061-471-7000,영암군,전라남도 영암군 덕진면 여운재로 565,연중무휴,가능,영암최성호가옥,
2,우정회관,한식,061-473-5400,영암군,전라남도 영암군 영암읍 낭주로 79,연중무휴,가능,녹동서원,
2,국일관횟집,생선회,061-471-9192,영암군,전라남도 영암군 영암읍 열무정로 29,연중무휴,가능,녹동서원,
2,장수촌가든,한식,061-472-3895,영암군,전라남도 영암군 삼호읍 대보둑로 188-5,화요일,가능,영암 장천리 선사주거지,
2,철판요리전문점,한식,061-471-1030,영암군,전라남도 영암군 영암읍 회의촌길 14-15,연중무휴,가능,월출산 기찬랜드,
2,나주곰탕,,061-464-8859,영암군,전라남도 영암군 삼호읍 대불로 400,매주일요일,가능,고하도이충무공유적,
2,영암돼통령,한식,061-473-9282,영암군,전라남도 영암군 영암읍 동문안길 29,연중무휴,가능,녹동서원,
2,궁전본가,한정식,061-471-7500,영암군,전라남도 영암군 영암읍 낭주로 206,연중무휴,가능,녹동서원,
2,신토불이감자탕,감자탕,061-471-5118,영암군,"전라남도 영암군 영암읍 중앙로 17-1, 45-15","첫째,세째일요일",가능,녹동서원,
2,남도음식문화원금강산,한식,061-464-9333,영암군,전라남도 영암군 삼호읍 녹색로 853,연중무휴,가능,전라남도 농업박물관,
2,옛날기사님식당,,061-462-5413,영암군,전라남도 영암군 삼호읍 대불로 96-5,연중무휴,가능,현대삼호중공업,
2,우가양평해장국,해장국,061-462-2005,영암군,전라남도 영암군 삼호읍 삼호중앙로 225,연중무휴,,영암호(철새도래지),
2,복돼지식당,,061-471-5649,영암군,전라남도 영암군 도포면 마한로 856,연중무휴,가능,김완장군묘소 및 신도비,
2,일품 양평 해장국,해장국,061-462-8777,영암군,전라남도 영암군 삼호읍 신항로 90,토요일,,현대삼호중공업,
2,대불식당,,061-473-2365,영암군,전라남도 영암군 영암읍 군청로 2-22,연중무휴,,녹동서원,
2,삼정식당,,061-464-6161,영암군,전라남도 영암군 삼호읍 대불로 404,매월 둘째네째일요일,가능,삼학도,
2,매력한우기찬랜드명품관,소고기구이,061-473-7788,영암군,전라남도 영암군 영암읍 기찬랜드로 17,연중무휴,가능,한국트로트가요센터,
2,믿음한우식육식당,소고기구이,061-464-1787,영암군,전라남도 영암군 삼호읍 대불주거로 64,일요일,가능,영암호(철새도래지),
2,미락가든,한식,061-473-4013,영암군,전라남도 영암군 영암읍 교동로 22,첫째셋째일요일 11월 -3월 무휴,가능,영암문화원,
2,태백식육식당,,061-472-5960,영암군,전라남도 영암군 시종면 마한로 1257,명절,가능,김완장군묘소 및 신도비,
2,영암매력한우삼호명품관,소고기구이,061-464-0085,영암군,전라남도 영암군 삼호읍 녹색로 592,연중무휴,가능,전라남도 농업박물관,
2,한마리더,한식,061-473-8256,영암군,전라남도 영암군 영암읍 서문안길 8,매주일요일,가능,녹동서원,
2,목원가든,한식,061-471-0404,영암군,전라남도 영암군 군서면 평리길 99-31,매월 세째주 일요일,,영암 왕인박사마을,
2,남도큰집,,061-471-7022,영암군,전라남도 영암군 영암읍 동문로 70,연중무휴,가능,녹동서원,
2,월출산이야기,,061-472-0507,영암군,전라남도 영암군 군서면 구림로 43-24,매월 세째주 일요일,가능,영암 왕인촌마을 [농촌체험휴양마을],
2,영암맛집,한식,061-472-9079,영암군,전라남도 영암군 영암읍 성밖로 42,연중무휴,가능,녹동서원,
2,맛나감자탕(삼호점),감자탕,061-462-6565,영암군,전라남도 영암군 삼호읍 대불주거로 109,매주수요일,가능,전라남도 농업박물관,
2,청해,,061-461-0026,영암군,전라남도 영암군 삼호읍 대불주거7로1길 7,월요일,,전라남도 농업박물관,
2,전통나주곰탕윤미경1호점,,061-464-3229,영암군,전라남도 영암군 삼호읍 삼호중앙로 189,매월 첫째.셋째주 토요일,가능,영암호(철새도래지),
2,영암왕족발,,061-471-0040,영암군,전라남도 영암군 영암읍 동문안길 31,연중무휴,,녹동서원,
2,꼬미꼬미수산,생선회,061-462-3532,영암군,전라남도 영암군 삼호읍 방아제로 3,매월 첫짜.셋째주 일요일,,영암호(철새도래지),
2,낙지일번지(가),,061-472-4115,영암군,전라남도 영암군 학산면 독천로 174,매월 2일,가능,영암 장천리 선사주거지,
2,돈돼지삼겹살,,061-462-9008,영암군,전라남도 영암군 삼호읍 삼호중앙로 204-14,"2, 4주 일요일",가능,영암호(철새도래지),
2,서릿등,한식,061-473-0244,영암군,전라남도 영암군 도포면 회호정길 41-38,일요일,가능,김완장군묘소 및 신도비,
2,아리솔참숯불갈비,,061-472-2722,영암군,전라남도 영암군 미암면 흑석로 1879,일요일,가능,영암 장천리 선사주거지,
2,구림식당,한식,061-472-4659,영암군,전라남도 영암군 학산면 영산로 12-14,일요일,가능,영암 장천리 선사주거지,
2,남도추어탕,추어탕,061-463-3651,영암군,전라남도 영암군 삼호읍 신항로 90,매월 토요일(2회),,현대삼호중공업,
2,남도식당,한식,061-471-7476,영암군,전라남도 영암군 시종면 마한로 1269-1,연중무휴,가능,김완장군묘소 및 신도비,
2,내가찜한코다리찜,,061-462-8825,영암군,전라남도 영암군 학산면 독천로 230,"2, 4주 일요일",가능,구고사 및 김완장군부조묘,
2,고향한식뷔페식당,한식뷔페,061-473-2003,영암군,전라남도 영암군 시종면 마한로 1261,연중무휴,가능,김완장군묘소 및 신도비,
2,인현순대,순대,061-471-6005,영암군,전라남도 영암군 신북면 간은정로 18-3,연중무휴,가능,영팔정,
2,중원회관,한식,061-473-6700,영암군,전라남도 영암군 영암읍 군청로 2-13,연중무휴,,녹동서원,
2,약수터식당출장뷔페,한식,061-472-2876,영암군,"전라남도 영암군 영암읍 군청로 1-18, 1층",연중무휴,가능,녹동서원,
2,국&뼈,음식점,061-463-8999,영암군,전라남도 영암군 삼호읍 대불주거5로7길 3,일요일,가능,전라남도 농업박물관,
2,명품곱창,곱창,061-462-8950,영암군,전라남도 영암군 삼호읍 중앙촌길 6,연중무휴,가능,영암호(철새도래지),
2,장어랑생고기,,061-462-5525,영암군,전라남도 영암군 삼호읍 신항로 114,연중무휴,가능,현대삼호중공업,
2,김가네김밥전문점,김밥,061-473-9187,영암군,전라남도 영암군 영암읍 중앙로 61,매주일요일,,녹동서원,
2,안면도,음식점,061-471-6365,영암군,전라남도 영암군 학산면 독천로 157-42,매주 일요일 저녁,,영암 장천리 선사주거지,
2,장어마을,,061-471-4226,영암군,전라남도 영암군 영암읍 천황사로 292,연중무휴,가능,월출산국립공원,
2,한국관,한식,061-471-0779,영암군,전라남도 영암군 영암읍 열무정로 22,연중무휴,가능,녹동서원,
2,진국명가,,061-473-3668,영암군,전라남도 영암군 군서면 영암로 1177,"2, 4주 일요일",가능,한국트로트가요센터,
2,카부(Kabu),,061-984-7017,무안군,"전라남도 무안군 삼향읍 남악5로60번길 34, 1층",일요일,가능,목포평화광장,
2,콩시루남악점,한식,061-287-0058,무안군,"전라남도 무안군 삼향읍 남악5로60번길 9-14, 1층 ","2, 4주 일요일",,목포평화광장,
2,부산어묵베이커리목포남악점,어묵,061-281-0040,무안군,"전라남도 무안군 삼향읍 남악로234, 비동 101호(트리폴리앙프라자)",매주월요일,가능,목포평화광장,
2,남악새우석화포차,포장마차,,무안군,"전라남도 무안군 삼향읍 남악3로82번길41, 101,102호",연중무휴,가능,목포평화광장,
2,정식당,한식,061-283-8933,무안군,"전라남도 무안군 삼향읍 남악3로82번길41, 영산주차프라자 103호,104호",매주일요일,가능,목포평화광장,
2,임성자매식당,한식,061-287-5292,무안군,전라남도 무안군 삼향읍 임성로 147,매주  일요일,가능,춤추는 바다분수,
2,박찬호초밥,,061-287-1080,무안군,"전라남도 무안군 삼향읍 대죽서로15번길22, 103.104호",연중무휴,가능,목포평화광장,
2,김밥매니아남악주공점,김밥,061-281-8087,무안군,"전라남도 무안군 삼향읍 남악4로40, 펠리시티 2차 202동 102호",4주 수요일,가능,목포평화광장,
2,유달탕찜,한식,061-281-4492,무안군,"전라남도 무안군 삼향읍 남악5로60번길1, 1층",연중무휴,가능,목포평화광장,
2,남악참숯불갈비,,061-282-3395,무안군,"전라남도 무안군 삼향읍 남악5로52번길 29-13, 1층","2, 4주 일요일",가능,목포평화광장,
2,놀부부대찌개,"찌개,전골",061-287-7055,무안군,"전라남도 무안군 삼향읍 대죽서로38, 101호 ",월요일,가능,목포평화광장,
2,별암유성횟집남악점,생선회,061-283-8899,무안군,전라남도 무안군 삼향읍 대죽서로15번길34,연중무휴,가능,목포평화광장,
2,자연회수산,생선회,061-283-9355,무안군,전라남도 무안군 삼향읍 남악5로52번길 29-10 1층,"2, 4주 일요일",가능,목포평화광장,
2,오리명가고향정,오리요리,061-285-0772,무안군,"전라남도 무안군 삼향읍 남악5로70번길12, 1층","2, 4주 월요일",,목포평화광장,
2,채움식육식당,,061-281-5735,무안군,"전라남도 무안군 삼향읍 남악4로34번길6, 144호 145호(에드가채움주상복합상가)",매주일요일,가능,목포평화광장,
2,낙향식당,한식,061-281-3971,무안군,전라남도 무안군 삼향읍 남악4로 60번가길 30,연중무휴,가능,목포평화광장,
2,묵은지명가,한식,061-287-0079,무안군,"전라남도 무안군 삼향읍 남악3로82번길7, 제일파킹프라자 111,112호",연중무휴,가능,목포평화광장,
2,산들산채정식,한식,061-281-9583,무안군,전라남도 무안군 삼향읍 남악5로 34번길 11-4,일요일,가능,목포평화광장,
2,굴다리쉼터시즌2,한식,061-287-2081,무안군,전라남도 무안군 삼향읍 삼향로 72,매일 토/일 휴일 월요일부터 금요일까지 영업,가능,춤추는 바다분수,
2,해미정,한식,061-283-4462,무안군,전라남도 무안군 삼향읍 남악5로 26번길 31-1,첫째 셋째주 일요일,가능,전라남도 농업박물관,
2,송옥모밀,,061-284-9969,무안군,전라남도 무안군 삼향읍 남악5로26번길33,"2, 4주 월요일",가능,전라남도 농업박물관,
2,운현궁,,061-282-8965,무안군,전라남도 무안군 삼향읍 삼향로128-12,매주일요일,가능,무안 유교리고가,
2,황금향,,061-243-1133,무안군,"전라남도 무안군 삼향읍 남악3로 82번길 7 124,125호",매주일요일,가능,목포평화광장,
2,바다양푼이동태탕.찜 남악점,,061-282-5290,무안군,"전라남도 무안군 삼향읍 남악5로60번길9, 1층",매주일요일,,목포평화광장,
2,사계진미,닭갈비,061-287-9291,무안군,"전라남도 무안군 삼향읍 대죽서로15번길30, 1층(101.105호)",연중무휴,가능,목포평화광장,
2,호돌이감자탕,감자탕,061-284-6419,무안군,"전라남도 무안군 삼향읍 남악5로72번길30, 1층",첫째주 셋째주 월요일,,목포평화광장,
2,오가네돼지랑오리랑,오리요리,061-283-4457,무안군,"전라남도 무안군 삼향읍 남악5로70번길6, 1층","2, 4주 일요일",,목포평화광장,
2,갯마을,,061-285-3330,무안군,"전라남도 무안군 삼향읍 남악5로52번길 5-13, 1층",일요일,가능,목포평화광장,
2,최고집,,061-284-6401,무안군,"전라남도 무안군 삼향읍 남악5로34번길 15-9, 1층",매주일요일,가능,목포평화광장,
2,비룡,,061-287-0100,무안군,전라남도 무안군 삼향읍 대죽서로15번길16,매주화요일,가능,목포평화광장,
2,꽃게랑낙지랑,게요리,061-285-0677,무안군,"전라남도 무안군 남악5로34번길 11-3, 1층",첫째 셋째 일요일,가능,목포평화광장,
2,어주민물장어탕 남악점,,061-285-1255,무안군,전라남도 무안군 삼향읍 남악4로 82번가길 4-7,매주일요일,가능,목포평화광장,
2,뻘통낙지,,061-282-8562,무안군,"전라남도 무안군 삼향읍 남악2로74번가길14, 1층",매주일요일,가능,목포평화광장,
2,대패에 빠지다,,061-287-5186,무안군,"전라남도 무안군 삼향읍 대죽서로30, 102호",연중무휴,가능,목포평화광장,
2,병천순대돈드림 남악점,순대,061-281-6760,무안군,"전라남도 무안군 삼향읍 대죽서로15번길26, 102,103호(한양프라자3차)",매주일요일,가능,목포평화광장,
2,염대감 나주곰탕 남악점,,061-285-5850,무안군,"전라남도 무안군 삼향읍 남악3로82번길17, 태광프라자 106호 107호","2, 4주 토요일",가능,목포평화광장,
2,소도둑,소고기구이,061-285-7622,무안군,"전라남도 무안군 삼향읍 남악3로74, 206호",연중무휴,가능,목포평화광장,
2,봉대산,한식,061-454-2628,무안군,"전라남도 무안군 해제면 현해로 1670, 1층","매월 첫째,세째주 일요일 ",가능,무안 발산마을미륵당산,
2,선미식당,한식,061-322-7013,함평군,전라남도 함평군 엄다면 엄다길 62,일요일,가능,자산서원,
2,대동식당,한식,061-323-3308,함평군,전라남도 함평군 대동면 대동길 5-29,"매주 토요일,일요일",가능,함평향교,
2,영빈정,한식,061-323-9233,함평군,전라남도 함평군 월야면 밀재로 1527-2,연중무휴,가능,팔열부정각,
2,남매식당,한식,061-322-2430,함평군,전라남도 함평군 함평읍 중앙길 187,셋째주 일요일,,함평 기각리 붉가시나무 자생북한지,
2,영선식당,한식,061-322-0913,함평군,전라남도 함평군 대동면 상강길 10,첫째 셋째 일요일,가능,함평 향교리 느티나무·팽나무·개서어나무 숲,
2,진고개가든,한식,061-323-3937,함평군,전라남도 함평군 손불면 손무로 881,예약제로만 운영,가능,함평 양재리의 이팝나무,
2,가야정,한식,061-323-3788,함평군,전라남도 함평군 함평읍 함영로 1018,연중무휴,,함평 기각리 붉가시나무 자생북한지,
2,대흥식당,한식,061-322-3953,함평군,전라남도 함평군 함평읍 시장길 112,매주 둘째주 넷째주 화요일,가능,함평군립미술관,
2,꽃섬해물탕,해물탕,061-323-4452,함평군,전라남도 함평군 대동면 대동길 147,,가능,함평 향교리 느티나무·팽나무·개서어나무 숲,
2,뼈대감자탕,감자탕,061-342-3585,함평군,전라남도 함평군 함평읍 영수길 267,일요일,가능,함평 기각리 붉가시나무 자생북한지,
2,강운촌닭,닭요리,061-322-1906,함평군,전라남도 함평군 대동면 함장로 1625-17,토요일,가능,함평 향교리 느티나무·팽나무·개서어나무 숲,
2,초록식당,한식,061-322-5287,함평군,전라남도 함평군 함평읍 중앙길 96-7,,,함평군립미술관,
2,숯과닭발,닭발,061-322-8111,함평군,전라남도 함평군 함평읍 중앙길 165,연중무휴,,함평 기각리 붉가시나무 자생북한지,
2,선진분식,분식,061-322-1160,함평군,전라남도 함평군 함평읍 영수길 334,월요일,가능,함평향교,
2,참새와방앗간,한식,061-322-0301,함평군,전라남도 함평군 학교면 사거리길 31,연중무휴,,자산서원,
2,돈장군,,061-324-5282,함평군,전라남도 함평군 대동면 대동길 149-16,,가능,함평 향교리 느티나무·팽나무·개서어나무 숲,
2,와우바베큐,한식,061-322-9995,함평군,전라남도 함평군 함평읍 남일길 27,일요일,가능,함평군립미술관,
2,정창촌닭,닭요리,061-322-5757,함평군,전라남도 함평군 대동면 대동길 5-42,일요일,가능,함평향교,
2,월야88장어,,061-323-1326,함평군,전라남도 함평군 월야면 월야월봉길 61-6,"매월 첫째주,셋째주 월요일",가능,함평 용월리 지석묘군,
2,신흥상회,,061-322-9431,함평군,전라남도 함평군 손불면 석산로 68,연중무휴,가능,함평해수찜,
2,철성가든,한식,061-323-2545,함평군,전라남도 함평군 대동면 나막길 44,,가능,함평 향교리 느티나무·팽나무·개서어나무 숲,
2,석정,한식,061-322-8929,함평군,전라남도 함평군 손불면 석산로 60,월요일,가능,함평해수찜,
2,천지면옥,냉면,061-324-1009,함평군,전라남도 함평군 함평읍 함장로 1119,"매주 토요일, 일요일",가능,함평군립미술관,
2,먹거리백화점,한식,061-323-8464,함평군,전라남도 함평군 학교면 사거리길 24,연중무휴,,자산서원,
2,산지검은돈,,061-323-9229,함평군,전라남도 함평군 함평읍 영수길 91,연중무휴,가능,함평군립미술관,
2,바다이야기,한식,061-322-4478,함평군,전라남도 함평군 손불면 석산로 62,"2, 4주 목요일",가능,함평해수찜,
2,영산강,한식,061-323-1635,함평군,전라남도 함평군 월야면 밀재로 1515,,가능,팔열부정각,
2,영심이백반,한식,061-324-0585,함평군,전라남도 함평군 함평읍 함영로 1393,연중무휴,가능,보광사(함평),
2,갈비세상,,061-324-4569,함평군,전라남도 함평군 함평읍 영수길 278,화요일,,함평군립미술관,
2,진미복집,복어요리,061-322-3412,함평군,전라남도 함평군 학교면 학다리길 336-23,월요일,가능,자산서원,
2,해물나라,한식,061-323-6990,함평군,전라남도 함평군 월야면 밀재로 1564,"매월 첫째주 월요일, 셋째주 월요일",,팔열부정각,
2,한새들식육식당,,061-323-3325,함평군,전라남도 함평군 월야면 밀재로 1490,일요일,가능,팔열부정각,
2,해월축산,,061-323-3708,함평군,전라남도 함평군 해보면 해삼로 367,"매주 둘째,넷째주 일요일",가능,모평마을,
2,다래가든,한식,061-324-2674,함평군,전라남도 함평군 엄다면 곤재로 210,일요일,가능,함평군립미술관,
2,고기굽는사람들,,061-323-6292,함평군,전라남도 함평군 함평읍 함영로 1012,일요일,가능,함평향교,
2,미양기사식당,한식,061-323-5153,함평군,전라남도 함평군 함평읍 함영로 1373,연중무휴,가능,함평문화원,
2,천지나비회관,한식,061-322-1212,함평군,전라남도 함평군 학교면 함영로 501-9,일요일,가능,자산서원,
2,금송식육식당,,061-324-5775,함평군,전라남도 함평군 함평읍 중앙길 54-11,월요일,가능,함평군립미술관,
2,함평모란정,한식,061-324-5551,함평군,전라남도 함평군 함평읍 중앙길 32-10,일요일,가능,함평군립미술관,
2,한우마을,소고기구이,061-323-4081,함평군,전라남도 함평군 월야면 밀재로 1516,,가능,팔열부정각,
2,주포수산,생선회,061-322-3090,함평군,전라남도 함평군 함평읍 주포로 563,화요일,가능,돌머리해변,
2,옥당기사식당,한식,061-322-5282,함평군,전라남도 함평군 함평읍 함영로 1352,,가능,함평문화원,
2,함평천지민물장어,,061-322-9595,함평군,전라남도 함평군 함평읍 영수길 104,연중무휴,가능,함평군립미술관,
2,돌머리횟집,생선회,061-324-0935,함평군,전라남도 함평군 함평읍 주포로 555,수요일,가능,돌머리해변,
2,손맛불맛곱창,곱창,061-324-9952,함평군,전라남도 함평군 함평읍 장군로 1039,수요일,가능,보광사(함평),
2,초원식당,한식,061-322-8899,함평군,전라남도 함평군 학교면 학교화산길 79,연중무휴,가능,함평향교,
2,월야애호박,,061-324-1900,함평군,전라남도 함평군 월야면 밀재로 1561,연중무휴,,팔열부정각,
2,칠산장어,,061-352-8292,영광군,전라남도 영광군 군서면 백수로 1382-5,매주월요일,가능,무령서원,
2,옛촌,한식,061-351-2345,영광군,전라남도 영광군 군서면 함영로 3328,,가능,이흥서원,
2,고목나무,한식,061-352-3089,영광군,전라남도 영광군 군서면 함영로6길 21,,가능,이흥서원,
2,지산갯벌장어,,061-352-6242,영광군,전라남도 영광군 백수읍 백수로 726,,가능,영광정유재란열부순절지,
2,해안성,,061-353-7100,영광군,전라남도 영광군 백수읍 백수로 897,"첫째,셋째주 월요일",가능,원불교영산성지,
2,사거리식당,한식,061-353-5200,영광군,전라남도 영광군 백수읍 백수로10길40,매주일요일,가능,원불교영산성지,
2,백수식당,한식,061-352-7551,영광군,전라남도 영광군 백수읍 천마길 11-1,"2, 4주 월요일",가능,원불교영산성지,
2,해안로장어촌,,061-353-4547,영광군,전라남도 영광군 백수읍 해안로 1373,"2, 4주 월요일",가능,모래미 해변,
2,모래골,한식,061-351-0036,영광군,전라남도 영광군 백수읍 해안로 1389,"2, 4주 화요일",가능,모래미 해변,
2,노을,카페,061-353-1122,영광군,전라남도 영광군 백수읍 해안로 565-9,,가능,영광정유재란열부순절지,
2,고두섬횟집,생선회,061-352-0001,영광군,전라남도 영광군 백수읍 해안로 633,화요일,가능,영광정유재란열부순절지,
2,거시기횟집,생선회,061-351-6290,영광군,전라남도 영광군 백수읍 해안로 737,"첫째,셋째주 월요일",가능,영광정유재란열부순절지,
2,일번지식당,한식,061-356-2268,영광군,전라남도 영광군 법성면 굴비로 37,,가능,법성포,
2,수정돈가,,061-356-9289,영광군,전라남도 영광군 법성면 굴비로 51,매주일요일,가능,법성포,
2,다복정식당,한식,061-356-6560,영광군,전라남도 영광군 법성면 굴비로 55,,,법성포,
2,굴비로정식,한식,061-356-2814,영광군,전라남도 영광군 법성면 굴비로 63,,가능,법성포,
2,진미향,한식,061-356-6555,영광군,전라남도 영광군 법성면 굴비로 64,,가능,법성포,
2,한울타리,한식,061-356-2590,영광군,전라남도 영광군 법성면 굴비로 7,,가능,법성포,
2,월봉재,한정식,061-356-7660,영광군,전라남도 영광군 법성면 굴비로 87,"2, 4주 월요일",가능,법성포,
2,강화식당,한식,061-356-2562,영광군,전라남도 영광군 법성면 굴비로 9-2,"2, 4주 월요일",,법성포,
2,오늘의바다굴비정식,,061-356-4746,영광군,전라남도 영광군 법성면 굴비로1길 10-1,"첫째,셋째주 월요일",가능,법성포,
2,도래지한정식,한정식,061-356-8855,영광군,전라남도 영광군 법성면 굴비로1길 106-14,,가능,백제불교최초도래지,
2,다랑가지,한식,061-356-5588,영광군,전라남도 영광군 법성면 굴비로1길 62-8,,가능,백제불교최초도래지,
2,신토불이굴비정식,한식,061-356-8500,영광군,전라남도 영광군 법성면 굴비로1길 82,,가능,백제불교최초도래지,
2,정일품한정식,한정식,061-356-5545,영광군,전라남도 영광군 법성면 굴비로4길 5-2,"2, 4주 월요일",가능,법성포,
2,신법성토우,한식,061-356-8424,영광군,전라남도 영광군 법성면 법성면 법성포로3길 26-9,,가능,법성포,
2,장어명가청산,,061-356-9592,영광군,전라남도 영광군 법성면 법성포로 15-7,,가능,법성포,
2,성원반점,,061-356-8386,영광군,전라남도 영광군 법성면 법성포로 17,셋째주 목요일,가능,법성포,
2,졸복이네집,복어요리,061-356-5650,영광군,전라남도 영광군 법성면 법성포로 23-23,"첫째,셋째주 월요일",가능,법성포,
2,꿀메,한식,061-356-9293,영광군,전라남도 영광군 법성면 법성포로 29-15,매주일요일,가능,법성포,
2,아미정,한식,061-356-6400,영광군,전라남도 영광군 법성면 법성포로 35,,가능,법성포,
2,(주)법성포굴비정식,한식,061-356-7575,영광군,전라남도 영광군 법성면 법성포로 7,,가능,법성포,
2,인의정,한식,061-356-0321,영광군,전라남도 영광군 법성면 법성포로3길 26-11,,가능,법성포,
2,굴비골한우프라자,소고기구이,061-356-8860,영광군,전라남도 영광군 법성면 법성포로2길 28,,가능,법성포,
2,동원정,한정식,061-356-3323,영광군,전라남도 영광군 법성면 법성포로3길 12-19,,가능,법성포,
2,굴비단길,한식,061-356-6300,영광군,전라남도 영광군 법성면 법성포로3길 12-29,,가능,법성포,
2,숯불구이삼겹살,,061-356-8280,영광군,전라남도 영광군 법성면 법성포로3길 20-2,"2, 4주 일요일",가능,법성포,
2,귀빈굴비한정식,한정식,061-356-4666,영광군,전라남도 영광군 법성면 법성포로3길 6-15,,가능,법성포,
2,영광굴비정식,한정식,061-356-8882,영광군,전라남도 영광군 법성면 법성포로3길 6-5,,가능,법성포,
2,풍성한집,한정식,061-356-0733,영광군,전라남도 영광군 법성면 법성포로3길 60,연중무휴,가능,법성포,
2,천년가든,한식,061-352-2333,영광군,전라남도 영광군 불갑면 강항로1길 50-15,,가능,내산서원,
2,청풍장어,,061-351-2008,영광군,전라남도 영광군 불갑면 녹산로 186,"매주 둘째,넷째주 화요일",가능,불갑저수지 수변공원,
2,대가,한식,061-352-6856,영광군,전라남도 영광군 불갑면 방마로 370,"매월 둘째,넷째주 화요일",가능,내산서원,
2,보리향기,한식,061-353-6327,영광군,전라남도 영광군 불갑면 불갑사로 350,"매월 첫째,셋째주 월요일",가능,불갑사 관광지,
2,민속정,닭요리,061-353-5507,영광군,전라남도 영광군 불갑면 불갑사로 352,"매월 둘째주,넷째주 월요일",가능,불갑사 관광지,
2,서정회관,한식,061-352-9009,영광군,전라남도 영광군 염산면 천년로 8-1,,가능,기독교인 순교지,
2,옛섬골향토음식점,한식,061-352-1598,영광군,전라남도 영광군 염산면 향화로 2-10,"매월 첫째,셋째주월요일",가능,칠산타워,
2,향화골향토음식점,한식,061-351-8634,영광군,전라남도 영광군 염산면 향화로 2-10,"매월첫째,셋째주 월요일",가능,칠산타워,
2,민가네,한식,061-352-7878,영광군,전라남도 영광군 염산면 향화로 707,매주토요일,가능,기독교인 순교지,
2,단주숯불갈비,,061-353-4311,영광군,전라남도 영광군 영광읍 단신길 2,매주일요일,가능,우도농악전수관,
2,어촌아구,,061-353-6277,영광군,전라남도 영광군 영광읍 대하길2길 11,매주월요일,가능,우도농악전수관,
2,새마을상회,한식,061-351-7088,영광군,전라남도 영광군 영광읍 대하길2길 20,,가능,우도농악전수관,
2,소&돼지꿈,,061-351-2305,영광군,전라남도 영광군 영광읍 천년로11길 31,매주일요일,가능,우도농악전수관,
2,종가집,한식,061-351-8585,영광군,전라남도 영광군 영광읍 대하길2길 35,매주일요일,가능,우도농악전수관,
2,대신가든,한식,061-352-4242,영광군,전라남도 영광군 영광읍 대하길3길 11,"첫째주,셋째주 토요일",가능,우도농악전수관,
2,삼삼한식당,한식,061-351-3312,영광군,전라남도 영광군 영광읍 대하길3길 12,"2, 4주 일요일",가능,우도농악전수관,
2,국일관,한식,061-351-2020,영광군,전라남도 영광군 영광읍 대하길4길 10,매주일요일,가능,우도농악전수관,
2,조선화로집영광점,,061-353-9044,영광군,전라남도 영광군 영광읍 대하길4길 11,,가능,우도농악전수관,
2,동보성,,061-352-9114,영광군,전라남도 영광군 영광읍 대하길4길 21-16,매주일요일,가능,우도농악전수관,
2,일번지경복궁,한식,061-353-3359,영광군,전라남도 영광군 영광읍 대하길4길 23,매주화요일,가능,우도농악전수관,
2,고을촌,한식,061-353-0203,영광군,전라남도 영광군 영광읍 대하길4길 9-16,,가능,우도농악전수관,
2,어메고깃집,한식,061-351-0066,영광군,전라남도 영광군 영광읍 대하길4길 9-2,매주일요일,가능,우도농악전수관,
2,해성식당,한식,061-351-3595,영광군,전라남도 영광군 영광읍 물무로 102-2,일요일(격주),,영광문화원,
2,조선옥,한식,061-351-2224,영광군,전라남도 영광군 영광읍 물무로 167,일요일(격주),가능,영광향교,
2,깨비네식당,한식,061-351-3252,영광군,전라남도 영광군 영광읍 물무로 71,"매월 둘째,네째주 일요일",가능,우도농악전수관,
2,여수회관,한식,061-351-4097,영광군,전라남도 영광군 영광읍 물무로2길 47,일요일,,영광문화원,
2,사랑방,한식,061-351-3844,영광군,전라남도 영광군 영광읍 백산길 10-1,연중무휴,가능,우도농악전수관,
2,명가감자탕,감자탕,061-353-0752,영광군,전라남도 영광군 영광읍 백산길 14-17,매주일요일,가능,우도농악전수관,
2,싱글벙글,한식,061-351-2326,영광군,전라남도 영광군 영광읍 백산길 3-10,연중무휴,가능,우도농악전수관,
2,청운갈비,,061-353-8333,영광군,전라남도 영광군 영광읍 백산길 6-38,,가능,우도농악전수관,
2,밀향기,칼국수,061-353-1155,영광군,전라남도 영광군 영광읍 함영로 3448,,가능,이흥서원,
2,산채로,한식,061-353-4759,영광군,전라남도 영광군 영광읍 함영로9길 64,"첫째,셋째주 월요일",가능,이흥서원,
2,칠산별미횟집,생선회,061-356-7160,영광군,전라남도 영광군 홍농읍 계마길 39-9,"2, 4주 일요일",가능,계마항,
2,갯마을횟집,생선회,061-356-8168,영광군,전라남도 영광군 홍농읍 계마길 39-9,"2, 4주 일요일",가능,계마항,
2,사거리식육식당,,061-356-7006,영광군,전라남도 영광군 홍농읍 동부로 2,,,영광 성산리지석묘군,
2,기와집,한식,061-356-0060,영광군,전라남도 영광군 홍농읍 상하길 11,,가능,영광 성산리지석묘군,
2,복화정,한식,061-356-7707,영광군,전라남도 영광군 홍농읍 상하길2길 4,4주 토요일,가능,영광 성산리지석묘군,
2,백악관,한식,061-356-7744,영광군,전라남도 영광군 홍농읍 홍농로 438,매주일요일,가능,영광 성산리지석묘군,
2,군산식당,한식,061-356-0858,영광군,전라남도 영광군 홍농읍 홍농로 439,,가능,영광 성산리지석묘군,
2,늘봄회관,한식,061-356-3287,영광군,전라남도 영광군 홍농읍 홍농로 446,,가능,영광 성산리지석묘군,
2,한아름식육식당,,061-356-3801,영광군,전라남도 영광군 홍농읍 홍농로 487,,가능,영광 성산리지석묘군,
2,중국성,,061-356-6860,영광군,전라남도 영광군 홍농읍 홍농로 558,"2, 4주 월요일",가능,영광 성산리지석묘군,
2,남도미향,,061-356-6799,영광군,전라남도 영광군 홍농읍 홍농로 587,,가능,영광 성산리지석묘군,
2,1105,,061-392-0824,장성군,전라남도 장성군 삼계면 능성로 548,"첫째주, 셋째주 토요일",가능,가산서원,
2,이레추어탕,추어탕,061-394-8900,장성군,전라남도 장성군 서삼면 축령로 371,일요일,가능,봉암서원,
2,동화옛날짜장,,061-393-1037,장성군,전라남도 장성군 동화면 삼동로 717,"2, 4주 월요일",가능,장성 황룡 전적,
2,어램프,,061-392-9300,장성군,전라남도 장성군 북하면 단풍로 1122,월요일,가능,장성호 출렁다리(장성호 수변길),
2,향토식당,한식,061-392-9230,장성군,전라남도 장성군 장성읍 매화3길 9,연중무휴,가능,장성문화원,
2,억조식당,한식,061-393-7150,장성군,전라남도 장성군 삼서면 태산로 2,"2, 4주 일요일",가능,함평 예덕리 신덕 고분군,
2,자라봉,,061-393-9711,장성군,전라남도 장성군 진원면 불태3로 154,"설날, 추석",가능,진원리오층석탑,
2,25시남양집해장국,해장국,061-395-1040,장성군,전라남도 장성군 장성읍 충무1길 6,연중무휴,가능,장성문화원,
2,옥천뚝배기,한식,061-395-1007,장성군,전라남도 장성군 삼서면 해삼로 1106,"첫째주, 셋째주 일요일 ",가능,함평 예덕리 신덕 고분군,
2,느그집,한식,061-395-0353,장성군,전라남도 장성군 장성읍 매화1길 18,일요일,가능,장성문화원,
2,대명산 장어,,061-392-3006,장성군,전라남도 장성군 장성읍 단풍로 236,"2, 4주 월요일",가능,장성향교,
2,대호가든,한식,061-395-9922,장성군,전라남도 장성군 장성읍 단풍로 179,연중무휴,가능,봉암서원,
2,추암골산장,한식,061-393-0960,장성군,전라남도 장성군 서삼면 추암로 537,"추석, 설날",가능,장성 축령산 편백숲 (장성 치유의 숲),
2,역전식육식당,,061-393-2084,장성군,전라남도 장성군 장성읍 충무8길 6,연중무휴,가능,장성문화원,
2,미경이네추어탕,추어탕,061-392-6464,장성군,전라남도 장성군 북하면 중평1길 2,"첫째주, 셋째주 월요일",가능,장성 가인마을 한봉단지,
2,소고집,한식,061-393-0037,장성군,전라남도 장성군 삼계면 주산2길 13,일요일,가능,가산서원,
2,다래원,한식,061-392-3211,장성군,전라남도 장성군 남면 못재로 169,"설날,추석 3일",가능,고산서원,
2,산내들식당,한식,061-393-5455,장성군,전라남도 장성군 서삼면 모암길 60-11,연중무휴,가능,모암마을 [산촌체험마을],
2,양송식당,한식,061-393-9325,장성군,전라남도 장성군 장성읍 매화2길 12,일요일,가능,장성문화원,
2,청자연,한식,061-394-9909,장성군,전라남도 장성군 황룡면 구석길 53-2,월요일,가능,필암서원 [유네스코 세계문화유산],
2,산처럼물처럼,카페,061-392-2024,장성군,전라남도 장성군 북하면 단풍로 1728-3,월요일,가능,장성호관광지,
2,금호순대국밥,,061-393-5400,장성군,전라남도 장성군 황룡면 강변로 471,"첫째주, 셋째주 토요일",가능,황룡강,
2,온다,카페,061-394-8002,장성군,전라남도 장성군 장성읍 충무1길 4,"2, 4주 토요일",가능,장성문화원,
2,다온정,한식,061-394-0399,장성군,전라남도 장성군 황룡면 함장로 5200,일요일,가능,장성 황룡 전적,
2,곡간 자연밥상,한식,061-393-3900,장성군,전라남도 장성군 홍길동로 431,월요일,가능,홍길동 생가,
2,무봉리토종순대국,,061-394-6177,장성군,전라남도 장성군 삼계면 주산1길 60-1,연중무휴,가능,가산서원,
2,중화요리명가,,061-392-0301,장성군,전라남도 장성군 장성읍 매화3길 3,화요일,가능,장성문화원,
2,장원숯불갈비,,061-392-1011,장성군,전라남도 장성군 장성읍 영천로 173-11,"첫째주, 셋째주 월요일",가능,장성문화원,
2,저작거리,한식,061-394-0031,장성군,전라남도 장성군 삼계면 주산1길 60,연중무휴,가능,가산서원,
2,광명,한식,061-392-9952,장성군,전라남도 장성군 북이면 백양로 201,셋째주 목요일,가능,장성 자라뫼마을 [농촌전통테마],
2,솔밭가든,한식,061-392-7680,장성군,전라남도 장성군 북하면 백양로 827,연중무휴,가능,장성호관광지,
2,신광회관,한식,061-393-3615,장성군,전라남도 장성군 장성읍 신흥로 5-5,연중무휴,가능,장성향교,
2,소와나무,한식,061-392-7396,장성군,전라남도 장성군 북하면 백양로 902-1,"첫째, 셋째주 월요일",가능,장성호관광지,
2,금바위회관,한식,061-393-2404,장성군,전라남도 장성군 장성읍 용강길 9,연중무휴,가능,장성호 출렁다리(장성호 수변길),
2,어상생선전문점,한식,061-392-2827,장성군,전라남도 장성군 북이면 방장로 816,셋째주 화요일,가능,죽림서원,
2,손달옥한방족발,,061-393-3030,장성군,전라남도 장성군 장성읍 청운길 24,월요일,가능,장성문화원,
2,정읍식당,한식,061-392-7427,장성군,전라남도 장성군 북하면 백양로 1112,연중무휴,가능,장성 가인마을 한봉단지,
2,황금코다리 장성점,한식,061-393-9266,장성군,전라남도 장성군 장성읍 단풍로 46,"명절(추석,설)",가능,봉암서원,
2,친구야,한식,061-393-2340,장성군,전라남도 장성군 장성읍 매화7길 10,연중무휴,가능,장성문화원,
2,백양숯불고기,한식,061-392-2277,장성군,전라남도 장성군 북하면 단풍로 1870,연중무휴,가능,장성 가인마을 한봉단지,
2,축령산사랑가득국밥,국밥,061-392-0338,장성군,전라남도 장성군 장성읍 삼월길 18,매주 일요일 장날이 일요일이면 영업함,가능,황룡강,
2,석정가든,한식,061-392-0092,장성군,전라남도 장성군 북하면 용두길 70,연중무휴,가능,장성호관광지,
2,남면농원,한식,061-392-6339,장성군,전라남도 장성군 진원면 못재로 180,일요일,가능,고산서원,
2,내고향가든,한식,061-395-0055,장성군,전라남도 장성군 삼계면 영장로 1663,일요일,가능,가산서원,
2,석송정,한식,061-393-6700,장성군,전라남도 장성군 장성읍 청운길 51,연중무휴,가능,장성문화원,
2,송家네,,061-395-9001,장성군,전라남도 장성군 북하면 단풍로 1862,연중무휴,가능,장성 가인마을 한봉단지,
2,진남맴생이탕,한식,061-392-4512,장성군,전라남도 장성군 남면 못재로 221,연중무휴,가능,고산서원,
2,신일회관,한식,061-392-2020,장성군,전라남도 장성군 장성읍 청운길 54,연중무휴,가능,장성문화원,
2,토루,한식,061-393-7555,장성군,전라남도 장성군 남면 청양길 46-20,"매주 일요일 전일예약제 - 토요일은 5시간 전에 예약, 평일은 전날 예약",가능,황룡강,
2,승아네감자탕,감자탕,061-394-9898,장성군,전라남도 장성군 삼계면 주산1길 62,,가능,가산서원,
2,향숙이네식당,한식,061-392-0809,장성군,전라남도 장성군 북이면 백양로 2-10,셋째주 월요일,가능,장성 자라뫼마을 [농촌전통테마],
2,호산식당,한식,061-393-8449,장성군,전라남도 장성군 장성읍 미락단지길 32,"2, 4주 금요일",가능,장성호 출렁다리(장성호 수변길),
2,진한사골명가국밥,국밥,061-392-3999,장성군,전라남도 장성군 장성읍 매화1길 11,연중무휴,가능,장성문화원,
2,댐아래오리마을,오리요리,061-395-1009,장성군,전라남도 장성군 장성읍 미락단지길 40,"매월 첫째주, 셋째주 월요일",가능,장성호 출렁다리(장성호 수변길),
2,돈숯불갈비,,061-392-9774,장성군,전라남도 장성군 장성읍 충무2길 11,연중무휴,가능,장성문화원,
2,소담,한식,061-394-2345,장성군,전라남도 장성군 장성읍 전고개로 250,"2, 4주 월요일",가능,장성향교,
2,불태산진원성 한우 전문점,소고기구이,061-392-6492,장성군,전라남도 장성군 진원면 고산로 17,"추석, 설날 ",가능,고산서원,
2,김영희 동태찜&코다리냉면 장성점,냉면,061-393-3907,장성군,전라남도 장성군 장성읍 영천로 172-1,연중무휴,가능,장성문화원,
2,거송회관,한식,061-394-8866,장성군,전라남도 장성군 장성읍 미락단지길 26,2주 월요일,가능,장성호 출렁다리(장성호 수변길),
2,학교가자,한식,061-395-2002,장성군,전라남도 장성군 장성읍 안평장동길 13,2주 월요일,가능,봉암서원,
2,단풍두부,,061-392-1515,장성군,전라남도 장성군 북하면 백양로 1115-7,"2, 4주 월요일(가을철 휴무없음)",가능,장성 가인마을 한봉단지,
2,젠시오,,061-393-4466,장성군,전라남도 장성군 장성읍 역전로 159,화요일,가능,장성문화원,
2,국일반점,,061-394-8970,장성군,전라남도 장성군 장성읍 청운4길 3,월요일,가능,장성문화원,
2,강서방생선구이,생선구이,061-393-5233,장성군,전라남도 장성군 진원면 학산길 2,월요일,가능,진원리오층석탑,
2,용천,한식,061-544-1073,진도군,전라남도 진도군 의신면 초평길64,연중무휴,가능,진도 신비의 바닷길,
2,진가면옥,냉면,061-542-2412,진도군,전라남도 진도군 진도읍 서문길8-13,연중무휴,가능,철마공원,
2,한우곰탕,,061-542-0825,진도군,전라남도 진도군 진도읍 남동1길32,매주토요일,,철마공원,
2,나루터,게요리,061-542-3066,진도군,전라남도 진도군 군내면 진도대로 8463,"매월 첫째,셋째 화요일",가능,이충무공승전공원,
2,좋은자리,한식,061-544-9998,진도군,전라남도 진도군 진도읍 쌍정2길30,,,철마공원,
2,매화횟집,생선회,061-544-8222,진도군,전라남도 진도군 진도읍 남산로 106,연중무휴,가능,진도문화원,
2,한우리,소고기구이,061-544-0670,진도군,전라남도 진도군 진도읍 남동1길28,매주일요일,,철마공원,
2,달님이네맛집,게요리,061-542-3335,진도군,전라남도 진도군 진도읍 서문길8-21,연중무휴,가능,철마공원,
2,해미원,,061-543-6997,진도군,전라남도 진도군 진도읍 교동5길109,연중무휴,가능,진도향교,
2,옥천횟집.한정식,생선회,061-543-5664,진도군,전라남도 진도군 진도읍 성내리 39-9,연중무휴,가능,철마공원,
2,이레식당,한식,061-544-3670,진도군,전라남도 진도군 진도읍 철마길4-1,"매월 첫째,셋째일요일",가능,철마공원,
2,해담,한식,061-544-0034,진도군,전라남도 진도군 진도읍 왕온로141,매주월요일,가능,진도문화원,
2,명희식당,한식,061-543-8600,진도군,전라남도 진도군 진도읍 동외3길25,매주토요일,가능,진도무형문화재전수관,
2,청호회관,,061-544-6991,진도군,전라남도 진도군 진도읍 성내리 39-20,"2, 4주 수요일",가능,철마공원,
2,청해대복식당,한식,061-544-9981,진도군,전라남도 진도군 진도읍 쌍정리 257-20,,가능,진도문화원,
2,숯불구이 화우정,한식,061-542-8877,진도군,전라남도 진도군 진도읍 남동리 779-4,매주일요일,가능,진도문화원,
2,우림,한식,061-542-3333,진도군,전라남도 진도군 진도읍 동외리 1036-2,매주일요일,가능,진도무형문화재전수관,
2,횟집서우담,생선회,061-543-5900,진도군,전라남도 진도군 진도읍 남산로130-46,연중무휴,가능,진도문화원,
2,갯마을횟집,생선회,061-544-1519,진도군,전라남도 진도군 의신면 초사리 614,"매월 첫째,셋째 목요일",가능,모도,
2,제주촌갈비,,061-544-4919,진도군,전라남도 진도군 진도읍 남동1길40-8,"매월 둘째주,넷째주 일요일",가능,철마공원,
2,산호복집,복어요리,061-544-8383,진도군,전라남도 진도군 진도읍 남동1길38,연중무휴,가능,철마공원,
2,이조숯불갈비,,061-544-8183,진도군,전라남도 진도군 진도읍 남문길12-1,연중무휴,가능,진도문화원,
2,장어랑돼지랑,,061-542-9233,진도군,전라남도 진도군 의신면 운림산방로269,"매월 첫째,셋째 수요일",가능,진도 의신사천마을 [농촌체험휴양마을],
2,맛나식당,한식,061-544-6171,진도군,전라남도 진도군 진도읍 남산로124-1,연중무휴,가능,진도문화원,
2,묵은지,한식,061-543-2242,진도군,전라남도 진도군 진도읍 남동1길12-5,매월첫째주 월요일,가능,철마공원,
2,신호등회관,한식,061-544-4449,진도군,전라남도 진도군 진도읍 남동1길66,매월셋째주화요일,가능,진도문화원,
2,문화회타운,생선회,061-542-7788,진도군,전라남도 진도군 진도읍 남동1길40-12,"매월 첫째주,셋째주 화요일",가능,철마공원,
2,진도아리랑회센터,생선회,061-544-0587,진도군,전라남도 진도군 진도읍 쌍정1길 8-6,"매월 첫째,셋째 월요일",가능,진도문화원,
2,수국반점,,061-275-1123,신안군,전라남도 신안군 도초면 불섬길 85-5,연중무휴,가능,서남문대교,
2,천사짜장짬뽕,,061-271-9874,신안군,전라남도 신안군 압해읍 압해로 1587-3,연중무휴,가능,천사섬 분재공원,
2,보물섬,한식,061-271-0631,신안군,전라남도 신안군 증도면 보물섬길 8,연중무휴,가능,증도(신안),
2,솔식당,한식,061-271-6200,신안군,전라남도 신안군 자은면 구영2길 52-2,연중무휴,가능,자은도,
2,신안가든,한식,061-275-9545,신안군,전라남도 신안군 지도읍 해제지도로 1237-16,연중무휴,가능,일심사(신안),
2,자매감자탕,감자탕,061-262-2323,신안군,전라남도 신안군 지도읍 동촌길 2,연중무휴,가능,지도,
2,소작촌식당,한식,061-271-5988,신안군,전라남도 신안군 암태면 중부로 1922,연중무휴,가능,암태도,
2,정가네백반뷔페,한식뷔페,,신안군,전라남도 신안군 압해읍 압해로 817-1,연중무휴,가능,압해도,
2,오리촌,오리요리,061-261-7890,신안군,전라남도 신안군 지도읍 동천길 58-26,연중무휴,가능,원갑사,
2,샨샤,,061-271-1867,신안군,전라남도 신안군 암태면 장단고길 17-2,매주일요일,가능,암태도,
2,보해반점,,061-246-1310,신안군,전라남도 신안군 임자면 대광해수욕장길 18-4,연중무휴,가능,임자도,
2,우가,한식,061-275-0799,신안군,전라남도 신안군 임자면 임자로 136-1,매주일요일,가능,임자도,
2,중앙식당,한식,061-275-4080,신안군,전라남도 신안군 하의면 곰실길 11-10,연중무휴,가능,하의도,
2,신도화정,한식,061-261-2025,신안군,전라남도 신안군 암태면 중부로 1809,연중무휴,가능,암태도,
2,임자족발포차,,061-275-8958,신안군,전라남도 신안군 임자면 임자로 150-8,연중무휴,가능,임자도,
2,나주곰탕 쉼터카페,카페,061-261-5373,신안군,전라남도 신안군 자은면 중부로 2961,연중무휴,가능,자은도,
2,봉자네일번지,한식,061-271-9540,신안군,전라남도 신안군 압해읍 압해로 1844,연중무휴,가능,천사섬 분재공원,
2,꽃피는무화가,한식,061-271-5552,신안군,전라남도 신안군 압해읍 압해로 393-2,연중무휴,가능,압해도,
2,부일호횟집,생선회,061-261-1210,신안군,전라남도 신안군 임자면 독우길 234,연중무휴,가능,임자 대광해수욕장,
2,낙지식당,한식,061-271-0003,신안군,전라남도 신안군 압해면 압해로 859,연중무휴,가능,압해도,
2,명승중화요리,,061-275-5554,신안군,전라남도 신안군 지도읍 해제지도로 1241,연중무휴,가능,일심사(신안),
2,지도횟집,생선회,061-275-7119,신안군,전라남도 신안군 지도읍 송도2길 47,연중무휴,가능,지도,
2,대안반점,,061-261-8288,신안군,전라남도 신안군 임자면 임자로 262,연중무휴,가능,임자도,
2,마나,한식,061-275-8006,신안군,전라남도 신안군 임자면 이흑암길 24-6,연중무휴,가능,임자도,
2,뻘뚱,,061-242-1294,신안군,전라남도 신안군 팔금면 탑목개길 163-1,연중무휴,가능,팔금도,
2,이학회백반,한식,061-271-6700,신안군,전라남도 신안군 암태면 중부로 1795,연중무휴,가능,암태도,
2,신안맛집,한식,061-271-3555,신안군,전라남도 신안군 암태면 중부로 1816,연중무휴,가능,암태도,
2,소문난집,한식,061-275-2230,신안군,전라남도 신안군 지도읍 읍내리 서촌길 14,연중무휴,가능,지도,
2,천사바다횟집,생선회,061-271-4242,신안군,전라남도 신안군 암태면 진작지길227-17,연중무휴,가능,천사대교,
2,천사섬퍼플활어회타운,생선회,061-271-6552,신안군,전라남도 신안군 안좌면 소곡두리길 257-9,연중무휴,가능,퍼플교,
2,백길천사횟집,생선회,061-271-5100,신안군,전라남도 신안군 자은면 자은서부1길 86-12,연중무휴,가능,자은 백길해수욕장,
2,한양왕갈비탕,,061-271-9282,신안군,전라남도 신안군 압해읍 압해로 1564,연중무휴,가능,천사섬 분재공원,
2,사랑가든,한식,061-271-1403,신안군,전라남도 신안군 압해읍 압해로 493,연중무휴,가능,압해도,
2,헤밍웨이,양식,061-273-8020,신안군,전라남도 신안군 압해읍 학교리 336-16,연중무휴,가능,압해도,
2,고깃배횟집,생선회,061-271-9182,신안군,전라남도 신안군 압해면 압해로 1850,연중무휴,가능,천사섬 분재공원,
2,한양,한식,061-275-0022,신안군,전라남도 신안군 지도읍 서촌길 17-10,연중무휴,가능,지도,
2,1004맛드림,한식,061-271-7416,신안군,전라남도 신안군 자은면 두봉길 10-50,연중무휴,가능,자은 백길해수욕장,
2,갯벌횟집,생선회,061-271-9810,신안군,전라남도 신안군 압해읍 대촌길 37-88,연중무휴,가능,천사섬 분재공원,
2,털보네식당,한식,061-262-0010,신안군,전라남도 신안군 임자면 대광해수욕장길 174,연중무휴,가능,임자 대광해수욕장,
2,분계여인송회식당,한식,061-262-7780,신안군,전라남도 신안군 자은면 자은서부2길 631-31,연중무휴,가능,자은 분계해수욕장,
2,맛나제,한식,061-271-6060,신안군,전라남도 신안군 자은면 중부로 3008,연중무휴,가능,자은도,
2,천사대교횟집,생선회,061-271-7003,신안군,전라남도 신안군 암태면 박달로 84,연중무휴,가능,천사대교,
2,송도회타운3호점,생선회,061-275-5800,신안군,전라남도 신안군 지도읍 송도2길 38,연중무휴,가능,지도,
2,맛집,한식,070-8872-1230,광양시,전라남도 광양시 오류5길 76 1층,매월 첫째주 셋째주 월요일,,구봉산 전망대,
2,서광쉼터,한식,061-761-4245,광양시,전라남도 광양시 광양읍 매천로 731,월요일,,광양 장도박물관,
2,성도반점,,061-792-4445,광양시,전라남도 광양시 금영로 179(2층),월요일,가능,광양 윤동주 유고보존 정병욱 가옥,
2,광양닭곰탕,,061-910-6095,광양시,전라남도 광양시 항만13로 42-18 1층,연중무휴,가능,이순신대교,
2,매화골토담,한식,061-762-6243,광양시,전라남도 광양시 광양읍 칠성리 1007-17,일요일,,광양 장도박물관,
2,곰바우감자탕,감자탕,061-799-1479,광양시,전라남도 광양시 폭포사랑길 99,첫째 넷째 일요일,가능,배알도 수변공원,
2,대호돼지국밥,국밥,061-792-5291,광양시,전라남도 광양시 영수길 63,연중무휴,가능,광양 윤동주 유고보존 정병욱 가옥,
2,더집밥,한식,061-762-7997,광양시,전라남도 광양시 항만13로 27-16 1층,연중무휴,가능,이순신대교,
2,공단국밥,국밥,061-772-9488,광양시,"전라남도 광양시 옥곡면 신금산단4길 21, 신금산단4길 21",연중무휴,가능,광양 윤동주 유고보존 정병욱 가옥,
2,중화요리이가,,061-795-4987,광양시,전라남도 광양시 동광1길 8,"2, 4주 수요일",가능,구봉산 전망대,
2,연경,,061-794-0071,광양시,"전라남도 광양시 불로로 163, 1727-2(3층중1층전부), 불로로 163",연중무휴,가능,구봉산 전망대,
2,장수관,,061-793-4503,광양시,"전라남도 광양시 광포3길 49, (1,2층) ",매주월요일,가능,배알도 수변공원,
2,모락,한식,061-793-1189,광양시,"전라남도 광양시 중동로 32 (동광양농협), 1층","매주 토요일,일요일",가능,구봉산 전망대,
2,광양 고려삼계탕,삼계탕,061-762-1561,광양시,전라남도 광양시 광양읍 덕례리 1729-2,연중무휴,,보광사(광양),
2,명륜진사갈비 덕례점,,061-762-2880,광양시,전라남도 광양시 광양읍 덕례리 1791-6,연중무휴,가능,보광사(광양),
2,시골밥상,한식,061-763-8829,광양시,전라남도 광양시 광양읍 기두4길 11,매주월요일,,광양와인동굴,
2,아꼼,한식,,광양시,전라남도 광양시 광양읍 구산리 767-5,연중무휴,,광양만권 경제자유구역 홍보관,
2,향원,복어요리,061-763-3021,광양시,전라남도 광양시 광양읍 읍내리263-1,연중무휴,가능,광양문화원,
2,가장맛있는족발,,061-537-5849,해남군,전라남도 해남군 해남읍 남부순환로 11,첫째.셋째 수요일,가능,해남향교,
2,거담옹기설렁탕,설렁탕,061-533-0505,해남군,전라남도 해남군 해남읍 북부순환로 75,,가능,해남향교,
2,속풀이하는마을,한식,061-536-6668,해남군,전라남도 해남군 해남읍 교육청길 49,매주일요일,,해남문화원,
2,구교리,한식,061-535-0992,해남군,전라남도 해남군 해남읍 북부순환로 215,월요일,가능,해남문화예술회관,
2,엄마밥상,한식,061-533-3333,해남군,전라남도 해남군 산이면 관광레저로 1745,,가능,서동사(해남),
2,꽃님이네,한식,061-534-7400,해남군,전라남도 해남군 해남읍 북부순환로 96,일요일,가능,해남문화원,
2,사거리공룡식당,한식,061-532-2024,해남군,전라남도 해남군 황산면 공룡박물관길 80,연중무휴,,우항리 공룡화석 자연사유적지,
2,곤드레만드레,한식,061-537-2020,해남군,전라남도 해남군 해남읍 북부순환로 135,"2, 4주 일요일",가능,해남문화예술회관,
2,우리곰탕,,061-534-3198,해남군,전라남도 해남군 해남읍 용머리길 28,매주 일요일 휴무,가능,해남문화예술회관,
2,중앙닭갈비,닭갈비,061-532-2059,해남군,전라남도 해남군 해남읍 명문길 4,"2, 4주 일요일",가능,해남문화예술회관,
2,솥뚜껑삼겹살,,061-536-1516,해남군,전라남도 해남군 해남읍 구교2길 41,,가능,해남문화예술회관,
2,아름다운식당,한식,061-533-1963,해남군,전라남도 해남군 문내면 명량로 155,,가능,해남 명량대첩비,
2,땅끝정인숙칼국수,칼국수,061-536-0880,해남군,전라남도 해남군 현산면 현산북평로 805,,가능,태영사,
2,김가네쉼터,한식뷔페,061-533-0906,해남군,전라남도 해남군 북평면 백도로 15,,가능,오산어촌체험마을,
2,자연과사람들,한식,061-533-9656,해남군,전라남도 해남군 화원면 영호길 68,,가능,서동사(해남),
2,제주흑돈촌,,061-372-7700,화수군,전라남도 화순군 화순읍 만연로 18,일요일,,남산공원(화순),
2,경복궁,,061-371-2222,화수군,전라남도 화순군 화순읍 학포로 2584-1,연중무휴,가능,화순대리석불입상,
2,나주불고기,한식,061-374-1982,화수군,전라남도 화순군 화순읍 광덕로 251,매주월요일,,화순향교,
2,본가모밀25시,분식,061-375-0383,화수군,전라남도 화순군 화순읍 중앙로 121,매주일요일,,남산공원(화순),
2,바다양푼이동태탕,,061-374-7254,화수군,전라남도 화순군 화순읍 진각로 134-1,연중무휴,,화순향교,
2,하나나주곰탕,,061-375-1114,화수군,전라남도 화순군 화순읍 자치샘로 74,"2, 4주 토요일",,남산공원(화순),
2,녹차장어가든,,061-852-9595,보성군,전라남도 보성군 회천면 녹차로 619,매월 첫째주 셋째주 월요일,가능,봇재다원,
2,옛날손짜장,,061-857-8868,보성군,전라남도 보성군 벌교읍 녹색로 6184,화요일,가능,거차뻘배마을,
2,보성맛집 부뚜막,한식,061-852-6633,보성군,전라남도 보성군 보성읍 신흥길 16,토요일,,보성향교,
2,암돼지한우암소전문 예당식육식당,소고기구이,061-852-3658,보성군,전라남도 보성군 보성읍 현충로 42-3,,가능,보성향교,
2,중화요리 하오츠,,061-852-0708,보성군,전라남도 보성군 보성읍 현충로 13,,,보성향교,
2,만리장성,,061-852-1801,보성군,전라남도 보성군 복내면 송재로 1830-4,일요일,,화순 쌍봉사 철감선사탑,
2,잉꼬식당,한식,061-857-7950,보성군,전라남도 보성군 벌교읍 시장2길 17,"2, 4주 월요일",가능,구 보성여관,
2,조성식당,한식,061-857-1331,보성군,전라남도 보성군 조성면 조성로 79,일요일,가능,보성싱싱농원,
2,오리야,오리요리,061-858-7001,보성군,전라남도 보성군 벌교읍 시장1길 5-27,,,구 보성여관,
2,역전식당,한식,061-857-2073,보성군,전라남도 보성군 벌교읍 계성1길 3-1,화요일,,구 보성여관,
2,고려회관,한식,061-858-2959,보성군,전라남도 보성군 벌교읍 채동선로 294,,가능,소화다리(부용교),
2,다인정,한식,061-858-0763,보성군,전라남도 보성군 보성읍 갱맹골길 236-7,,가능,보성향교,
2,보성녹돈갈비,,061-852-5201,보성군,전라남도 보성군 벌교읍 조정래길 141-12,,가능,보성 벌교 홍교,
2,우리식육식당,,061-853-8801,보성군,전라남도 보성군 회천면 시장길 39,매월 둘째주 넷째주 토요일,,정응민예적지(판소리공원),
2,두무포산장,한식,061-857-9992,보성군,전라남도 보성군 벌교읍 장호길 697-9,"2, 4주 월요일",가능,거차뻘배마을,
2,벌교중화요리,,061-858-0099,보성군,전라남도 보성군 벌교읍 태백산맥길 5-1,일요일,가능,구 보성여관,
2,일품관,한식,061-852-1821,보성군,전라남도 보성군 득량면 녹색로 3710,셋째주 수요일,가능,보성 강골마을,
2,머시기숯불구이,한식,061-858-5525,보성군,전라남도 보성군 벌교읍 채동선로 270,"2, 4주 수요일",가능,소화다리(부용교),
2,흥성꼬막정식,한식,061-857-6009,보성군,전라남도 보성군 벌교읍 채동선로 135,,가능,구 보성여관,
2,조성새재식당,한식,061-857-9160,보성군,전라남도 보성군 조성면 조성4길 6,,가능,보성싱싱농원,
2,체리원,,061-858-8580,보성군,전라남도 보성군 벌교읍 채동선로 275,월요일,,소화다리(부용교),
2,풀하우스 횟집,생선회,061-852-5703,보성군,전라남도 보성군 회천면 남부관광로 2307,,가능,율포해수풀장,
2,신토불이가든,오리요리,061-853-8081,보성군,전라남도 보성군 보성읍 봉화로 116,,가능,보성향교,
2,차이나연경,,061-852-6998,보성군,전라남도 보성군 보성읍 신일길 3-18,화요일,,보성향교,
2,늘푸른산장,한식,061-852-6027,보성군,전라남도 보성군 보성읍 일림로 1619,,가능,대계서원,
2,대천중화요리,,061-857-8100,보성군,전라남도 보성군 벌교읍 채동선로 144,일요일,가능,구 보성여관,
2,칭하오,,061-858-5882,보성군,전라남도 보성군 벌교읍 녹색로 5580,월요일,가능,구 보성여관,
2,덕산식당,한식,061-852-3374,보성군,전라남도 보성군 보성읍 봉화로 106,"2, 4주 월요일",가능,보성향교,
2,도야족발보쌈,,061-857-0006,보성군,전라남도 보성군 벌교읍 조정래길 150,,가능,보성 벌교 홍교,
2,남태평양횟집,생선회,061-852-5850,보성군,전라남도 보성군 회천면 남부관광로 2148,,가능,율포해수풀장,
2,호동맛집가든,한식,061-857-6168,보성군,전라남도 보성군 벌교읍 장호길 691,,가능,거차뻘배마을,
2,청정횟집,생선회,061-853-2548,보성군,전라남도 보성군 보성읍 신흥길 25,,가능,보성향교,
2,원조홍교꼬막회관,한식,061-857-1035,보성군,전라남도 보성군 벌교읍 태백산맥길 3,,,구 보성여관,
2,율포회센터,생선회,061-852-7778,보성군,전라남도 보성군 회천면 남부관광로 2272,첫째주 셋째주 월요일,가능,율포해수풀장,
2,만리회관,,061-852-8025,보성군,전라남도 보성군 회천면 우암길 4,,가능,율포해수풀장,
2,우나라돈세상,,061-544-7022,진도군,전라남도 진도군 진도읍 남산로129,연중무휴,,진도문화원,
2,다온식당,한식,061-543-3303,진도군,전라남도 진도군 임회면 십일시길35,"매월첫째주,둘째주 일요일",가능,진도 상만리 오층석탑과 비자나무,
2,박가네 왕갈비,,061-544-7472,진도군,전라남도 진도군 진도읍 남산로133,"매월 첫째,셋째주 일요일",가능,진도문화원,
2,신포우리만두,만두,061-363-6677,곡성군,전라남도 곡성군 곡성읍 읍내11길8,매주토.일 휴무,가능,곡성레저문화센터,
2,광주가든,한식,061-363-6700,곡성군,전라남도 곡성군 죽곡면 대황강로 1071,매주월요일,가능,대황강출렁다리,
2,삼기국밥,국밥,061-363-0424,곡성군,전라남도 곡성군 곡성읍 읍내 22길 9 - 1,연중무휴,가능,"섬진강두꺼비, 여행자카페 1933오후(관광두레 주민사업체)",
2,우거지품은순대국우품포차 곡성점,,061-363-3403,곡성군,전라남도 곡성군 석곡면 강변로 13-1,,가능,대황강 자연휴식공원,
2,자네왓능가,한식,061-362-3242,곡성군,전라남도 곡성군 목사동면 강변로 477,연중무휴,가능,보성강,
2,큰손탕집,한식,061-363-5118,곡성군,전라남도 곡성군 곡성읍 읍내17길 11,월요일,가능,곡성레저문화센터,
2,만수가든,한식,061-363-8808,곡성군,전라남도 곡성군 오곡면 오죽로 2072,연중무휴,가능,덕양사,
2,곡성장어명가,,061-363-4545,곡성군,전라남도 곡성군 오곡면 섬진강로 1069,"2, 4주 화요일",가능,압록유원지,
2,두목소머리국밥,국밥,061-363-9953,곡성군,전라남도 곡성군 곡성읍 곡성로 848,매주월요일,가능,곡성레저문화센터,
2,은하원,,061-363-1633,곡성군,전라남도 곡성군 곡성읍 곡성로 832,매주수요일,가능,곡성레저문화센터,
2,뜨란채밥상,한식,061-363-8413,곡성군,전라남도 곡성군 곡성읍 중앙로 108-2,매주 토.일,가능,곡성레저문화센터,
2,김가네,한식,061-363-7403,곡성군,전라남도 곡성군 곡성읍 중앙로 18,연중무휴,가능,서산사(곡성),
2,대한수산물회판매장,생선회,061-363-4767,곡성군,전라남도 곡성군 곡성읍 읍내10길 17,연중무휴,가능,곡성레저문화센터,
2,매월향,,061-362-5580,곡성군,전라남도 곡성군 입면 청계동로 1225,매주월요일,가능,의마총,
2,광명숯불구이,,061-363-3161,곡성군,전라남도 곡성군 옥과면 리문5길 9,연중무휴,가능,옥과향교,
2,동막골식당,한식,061-362-1880,곡성군,전라남도 곡성군 곡성읍 곡성로 882,연중무휴,가능,곡성문화원,
2,오뚜기회센터,생선회,061-363-8244,곡성군,전라남도 곡성군 옥과면 옥과 2길 3,연중무휴,가능,옥과향교,
2,소문난왕짬뽕,,061-363-3881,곡성군,전라남도 곡성군 오곡면 대황강로 1635,첫째.셋째 월요일,가능,압록유원지,
2,류정수옛날손짜장,,061-362-5133,곡성군,전라남도 곡성군 삼기면 곡순로 1237,연중무휴,가능,구성재,
2,미실란밥cafe반하다,닭요리,061-363-6060,곡성군,전라남도 곡성군 곡성읍 섬진강로 2584,일요일,가능,곡성 메타세쿼이아길,
2,유나네뼈다귀국밥,국밥,061-363-2882,곡성군,전라남도 곡성군 곡성읍 학교로 3,연중무휴,가능,곡성레저문화센터,
2,진미식당,한식,061-363-3688,곡성군,전라남도 곡성군 삼기면 곡순로 1260,매주월요일,가능,도림사(곡성),
2,백운산장,한식,061-362-2890,곡성군,전라남도 곡성군 오곡면 대황강로 1563,연중무휴,가능,압록유원지,
2,본때,감자탕,061-363-4242,곡성군,전라남도 곡성군 곡성읍 군청로 49,매주일요일,가능,곡성레저문화센터,
2,기차마을가든,한식,061-363-1103,곡성군,전라남도 곡성군 오곡면 기차마을로 233,연중무휴,가능,섬진강기차마을,
2,청학회관,,061-363-5800,곡성군,전라남도 곡성군 곡성읍 군청로 45,매주  토.일 휴무,가능,곡성레저문화센터,
2,모심정,한식,061-362-7447,곡성군,전라남도 곡성군 죽곡면 섬진강로 1005,연중무휴,가능,압록유원지,
2,아구먹구돼지먹구,한식,061-363-9595,곡성군,전라남도 곡성군 옥과면 리문5길 24,매주일요일,가능,옥과향교,
2,순한한우명품관곡성축협,소고기구이,061-362-3392,곡성군,전라남도 곡성군 곡성읍 곡성로 856,매월첫째주 월요일 휴무,가능,곡성문화원,
2,황금코다리곡성점,한식,061-363-0023,곡성군,전라남도 곡성군 오곡면 기차마을로 217-4,매주월요일,가능,섬진강기차마을,
2,북경원,,061-362-3106,곡성군,전라남도 곡성군 석곡면 석곡로 24,"2, 4주 일요일",가능,대황강 자연휴식공원,
2,seumool,카페,061-363-2121,곡성군,전라남도 곡성군 오곡면 승법길 20,매주둘째.넷째월요일,가능,섬진강기차마을,
2,자농뜰방,닭요리,,곡성군,전라남도 곡성군 입면 입면로 417-5,연중무휴,가능,의마총,
2,대박집,한식,061-555-3690,완도군,전라남도 완도군 완도읍 개포로62번길 9-10,"2, 4주 일요일",가능,완도문화원,
2,빙그레국밥,국밥,061-555-1618,완도군,전라남도 완도군 완도읍 개포로 7,연중무휴,가능,주도,
2,삼교리 동치미 막국수,국수,061-555-0516,완도군,전라남도 완도군 완도읍 장보고대로 251,연중무휴,가능,주도,
2,선옥이네,한식,061-554-1400,완도군,전라남도 완도군 완도읍 해변공원로 111,"2, 4주 수요일",가능,완도문화원,
2,달목성한정식,한정식,061-554-8900,완도군,전라남도 완도군 완도읍 청해진서로549,"첫째,셋째일요일",가능,완도 정도리 구계등,
2,청솔가든,한식,061-553-8830,완도군,전라남도 완도군 완도읍 장보고대로 174-2,,가능,완도문화원,