main_id,area,name,address1,address2,parking,homepage
1,강진군,백련사,전라남도 강진군 도암면 백련사길 145,,가능,http://www.baekryunsa.net/
1,강진군,강진,전라남도 강진군 강진읍 탐진로 111,,가능,http://www.gangjin.go.kr/
1,강진군,전라병영성,전라남도 강진군 병영면 병영성로 175,,가능,-
1,강진군,무위사,전라남도 강진군 성전면 무위사로 308,,가능,-
1,강진군,정다산유적지(다산초당),전라남도 강진군 도암면 다산로 726-13,,가능,-
1,강진군,영랑생가,전라남도 강진군 강진읍 영랑생가길 15,,,-
1,강진군,강진다원,전라남도 강진군 성전면 백운로 93-25,,무료,-
1,강진군,다산박물관,전라남도 강진군 도암면 다산로 766-20,,무료,http://dasan.gangjin.go.kr/
1,강진군,마량놀토수산시장,전라남도 강진군 마량면 미항로 150,,가능,-
1,강진군,한국민화뮤지엄,전라남도 강진군 대구면 청자촌길 61-5,,무료,http://minhwamuseum.com/
1,강진군,고려청자박물관,전라남도 강진군 대구면 청자촌길 33,,무료,http://www.celadon.go.kr/
1,강진군,강진 가우도,전라남도 강진군 도암면 월곶로 473,,,http://www.gaudo.co/
1,강진군,남미륵사,전라남도 강진군 군동면 풍동1길 24-13,,가능,
1,강진군,강진 오감통,전라남도 강진군 강진읍 오감길 2,,가능,
1,고흥군,마복산목재문화체험장,전라남도 고흥군 포두면 우주로 1296,,가능,http://singihan.goheung.go.kr/subPage.phppage=0301
1,고흥군,분청문화박물관,전라남도 고흥군 두원면 분청문화박물관길 99,,가능,http://buncheong.goheung.go.kr/
1,고흥군,발포역사전시체험관,전라남도 고흥군 도화면 충무사길 101-13,,가능,
1,고흥군,미르마루길,전남 고흥군 영남면 우천리,,,
1,고흥군,천등산,전남 고흥군 풍양면 송정리 산 1,,,
1,고흥군,능가사,전라남도 고흥군 점암면 팔봉길 21,,,https://www.neunggasa.org/
1,고흥군,남열해돋이해수욕장,전남 고흥군 영남면 남열리 175-2,,,
1,고흥군,봉래산,전남 고흥군 봉래면 외초리 산 244-2,,,
1,고흥군,적대봉,전남 고흥군 금산면 석정리,,,
1,고흥군,연홍도,전남 고흥군 금산면 신전리,,,http://tour.goheung.go.kr:8000/
1,고흥군,고흥군,전라남도 고흥군 고흥읍 고흥군청로 1,,가능,http://www.goheung.go.kr/open_content/main/main.html
1,고흥군,팔영산,전라남도 고흥군 점암면 팔봉길 19-51,,,
1,고흥군,팔영산 편백치유의 숲,전라남도 고흥군 점암면 팔봉길 11-12,,가능,http://singihan.goheung.go.kr/
1,고흥군,나로우주센터 우주과학관,전라남도 고흥군 봉래면 하반로 490,,가능,
1,고흥군,고흥 우주천문과학관,전라남도 고흥군 도양읍 장기산선암길 353,,가능,http://star.goheung.go.kr/
1,고흥군,팔영산 편백 치유의숲 테라피센터,전라남도 고흥군 영남면 천사로 529-191,,,
1,고흥군,소록도,전라남도 고흥군 도양읍 소록해안길 65,,가능,http://www.sorokdo.go.kr/index.jsp
1,고흥군,고흥 우주발사전망대,전라남도 고흥군 영남면 해맞이로 840,,무료,
1,고흥군,해창만오토캠핑장,전라남도 고흥군 포두면 팔영로 405,,가능,http://hcmcamping.com/
1,고흥군,용바위,전라남도 고흥군 영남면 용바위길 22,,가능,http://tour.goheung.go.kr/tour/sights/best/04.do
1,고흥군,원시의 섬 시호도,전남 고흥군 동일면 덕흥리,,,https://sihodo.goheung.go.kr/website_id=36&menu_id=473&
1,고흥군,애도(쑥섬),전라남도 고흥군 봉래면 애도길 43,,,http://www.ssookseom.com/
1,고흥군,거금생태숲,전라남도 고흥군 금산면 거금일주로 1809-27,,가능,
1,곡성군,섬진강기차마을,전라남도 곡성군 오곡면 기차마을로 232,,가능,http://www.gstrain.co.kr/
1,곡성군,함허정,전라남도 곡성군 입면 청계동로 908-8,,, https://korean.visitkorea.or.kr/detail/ms_detail.docotid=8528c640-c226-4dba-839a-a71cde4d7525
1,곡성군,도림사,전라남도 곡성군 곡성읍 도림로 175,,,http://www.gokseong.go.kr/tour/tourist/regionmode=view&idx=24
1,곡성군,단군전,전라남도 곡성군 곡성읍 영운1길 33,,,http://www.gokseong.go.kr/tour/tourist/tourallmode=view&idx=7
1,곡성군,압록유원지,전라남도 곡성군 죽곡면 조사길 7,,,http://www.gokseong.go.kr/tour/tourist/tourallmode=view&idx=56
1,곡성군,용산재,전라남도 곡성군 목사동면 신숭겸로 226,,,http://www.gokseong.go.kr/tour/tourist/tourallmode=view&idx=28
1,곡성군,관음사,전라남도 곡성군 오산면 성덕관음길 453,,,http://www.gokseong.go.kr/tour/tourist/tourallmode=view&idx=22
1,곡성군,섬진강레일바이크,전라남도 곡성군 오곡면 섬진강로 1877,,가능,http://www.gstrain.co.kr/
1,곡성군,섬진강도깨비마을,전라남도 곡성군 곡성읍 중앙로 58-1,,,http://www.dokaebi.co.kr/
1,곡성군,섬진강천문대,전라남도 구례군 구례읍 섬진강로 1234,,가능,http://www.gokseong.go.kr/star/
1,곡성군,침실습지,전라남도 곡성군 고달면 고달길 192-1,,무료,
1,곡성군,청계동 계곡,전라남도 곡성군 곡성읍 신기길 49-4,,,
1,곡성군,기차마을 드림랜드,전라남도 곡성군 오곡면 기차마을로 232,,가능,http://gsdreamland.co.kr/main/http://gsdreamland.co.kr/board/bbs/dk_content.phpht_id=dream5_01
1,곡성군,섬진강기차마을,전라남도 곡성군 오곡면 기차마을로 232,,가능,http://www.gstrain.co.kr/
1,곡성군,섬진강 집라인,전라남도 곡성군 오곡면 섬진강로 1492,,가능,
1,곡성군,곡성군,전라남도 곡성군 곡성읍 군청로 50,,가능,http://www.gokseong.go.kr/main/
1,곡성군,가정역,전라남도 곡성군 오곡면 섬진강로 1465,,,http://www.gokseong.go.kr/tour/tourist/tourallmode=view&idx=78
1,곡성군,기차마을패러글라이딩,전라남도 곡성군 오곡면 덕산양지길 6-12,,,https://www.gspara.com/
1,곡성군,조태일시문학기념관,전라남도 곡성군 죽곡면 태안로 622-38,,가능,http://www.gokseong.go.kr/tour/tourist/tourallmode=view&idx=59
1,곡성군,태안사,전라남도 곡성군 죽곡면 태안로 622-215,,무료,http://www.gokseong.go.kr/tour/tourist/9tour/taeansa
1,곡성군,곡성성당(옥터성지),전라남도 곡성군 곡성읍 읍내11길 20,,,http://www.gscatholic.co.kr/default/
1,곡성군,성륜사,전라남도 곡성군 옥과면 미술관로 287,,,http://www.gokseong.go.kr/tour/tourist/9tour/seongnyunsa
1,곡성군,독도사진전시관,전라남도 곡성군 죽곡면 태안로 793,,가능,http://www.gokseong.go.kr/tour/tourist/tourallmode=view&idx=60
1,곡성군,심청한옥마을,전라남도 곡성군 오곡면 심청로 178,,가능,http://www.gokseong.go.kr/tour/tourist/tourallmode=view&idx=89
1,곡성군,섬진강 출렁 다리,전라남도 곡성군 고달면 가정마을길 248,,,http://www.gokseong.go.kr/tour/tourist/tourallmode=view&idx=76
1,광양시,배알도 수변공원,전남 광양시 태인동 1632-13,,가능,
1,광양시,윤동주 유고 보존 정병욱 가옥,전라남도 광양시 진월면 망덕길 249,,,
1,광양시,섬진강 끝들마을,전남 광양시 진월면 사평1길 29,,가능,https://ggeutdeul.modoo.at/
1,광양시,농부네 텃밭도서관,전라남도 광양시 진상면 청도길 19,,가능,
1,광양시,백학동 마을,전라남도 광양시 진상면 신황길 66,,가능,http://baekhakdong.invil.org/index.html
1,광양시,어치계곡,전라남도 광양시 진상면 백학로 538,,,
1,광양시,섬진강 매화마을,전라남도 광양시 다압면 섬진강매화로 1563-1,,가능,
1,광양시,메아리 마을,전남 광양시 다압면 금천리,,가능,http://www.echovill.com/
1,광양시,금천계곡,전남 광양시 다압면 금천리,,,
1,광양시,궁시전수교육관,전라남도 광양시 광양읍 유당로 224-19,,,
1,광양시,광양와인동굴,전라남도 광양시 광양읍 강정길 33,,가능,http://www.wmuseum.co.kr/
1,광양시,광양역사문화관,전남 광양시 광양읍 매천로 829,,승용차 30대,
1,광양시,백운제 농어촌 테마공원,전라남도 광양시 봉강면 성불로 91-2,,,
1,광양시,장도전수교육관(장도박물관),전라남도 광양시 광양읍 매천로 771,,가능,http://www.jangdo.org/main.html
1,광양시,LF스퀘어 테라스몰 광양점,전라남도 광양시 광양읍 순광로 466,,무료,http://www.lfsquare.co.kr/gwangyang/
1,광양시,사라실 라벤더 마을,전라남도 광양시 광양읍 사곡로 201,,전화문의,
1,광양시,광양시,전라남도 광양시 시청로 33,,가능,http://www.gwangyang.go.kr/index.gwangyang
1,광양시,사라실 예술촌,전라남도 광양시 광양읍 사곡로 201,,전화문의,
1,광양시,광양목재문화체험장,전라남도 광양시 옥룡면 백계로 374,,가능,http://bwmt.gwangyang.go.kr
1,광양시,백운산 자연 휴양림,전라남도 광양시 옥룡면 백계로 337,,,
1,광양시,광양 죽필,전라남도 광양시 광양읍 서평10길 35,,,http://www.bamboopen.co.kr/
1,광양시,김 시식지,전라남도 광양시 김시식지1길 57-6,,가능,
1,광양시,광양목재문화체험장,전라남도 광양시 옥룡면 백계로 374,,가능,http://bwmt.gwangyang.go.kr/bmt/contents/wood/info.jsp
1,광양시,와우생태호수공원,전라남도 광양시 와우1길 23,,,
1,광양시,무지개다리,전남 광양시 중마동,,,
1,광양시,광양 이순신대교,전남 광양시 금호동,,,
1,광양시,광양항 컨테이너부두,전라남도 광양시 항만대로 755,,,
1,광양시,구봉산 전망대,전라남도 광양시 구봉산전망대길 155,,무료,
1,광양시,옥곡 5일 시장,전라남도 광양시 옥곡면 큰골1길 2-26,,가능,
1,광양시,동곡계곡,전라남도 광양시 옥룡면 약수제단길 154,,,
1,광양시,백운산 자연휴양림,전라남도 광양시 옥룡면 백계로 337,,승용차 3000 / 일 대형차 5000 / 일,http://bwmt.gwangyang.go.kr/bmt/
1,광양시,도선국사마을,전라남도 광양시 옥룡면 상산길 31,,가능,http://dosun.go2vil.org/
1,광양시,마로산성,전라남도 광양시 광양읍 금너길 71,,가능,
1,광양시,광양 5일 시장,전라남도 광양시 광양읍 백운로 3,,,
1,광양시,유당공원,전남 광양시 광양읍 목성리 193-1,,가능,
1,광양시,매천 황현 생가,전라남도 광양시 봉강면 서석길 14-3,,가능,
1,광양시,형제의병장마을,전라남도 광양시 봉강면 신촌길 21-6,,,http://br.invil.org/index.html
1,광양시,해달별 천문대,전라남도 광양시 봉강면 하조길 91-20,,가능,http://blog.daum.net/hojun_jeong/40
1,광양시,성불사,전라남도 광양시 봉강면 성불로 1150-183,,가능,http://061-762-2882.pkt114.com/
1,광양시,성불계곡,전라남도 광양시 봉강면 성불로 1150-47,,,http://www.gwangyang.go.kr/tour_culture/board/view.gwangyangboardId=BBS_TOUR_TOUR&menuCd=DOM_000000401006002000&contentsSid=1631&dataSid=282
1,광양시,옥룡사 동백나무 숲,전라남도 광양시 옥룡면 백계1길 71,,,
1,광양시,POSCO 광양제철소,전라남도 광양시 폭포사랑길 20-26,,홈페이지 참조,http://www.posco.co.kr/
1,구례군,매천사,전라남도 구례군 광의면 월곡길 22-3,,,http://tour.gurye.go.kr/jcms/guryetours/famous/0010/0004/cultsId=TOUR_000000000000024
1,구례군,섬진강 벚꽃길,전라남도 구례군 문척면 동해벚꽃로 114,,,http://tour.gurye.go.kr/jcms/guryetours/famous/seomjin/0003/
1,구례군,섬진강 레프팅,전라남도 구례군 토지면 섬진강대로 4915,,,http://tour.gurye.go.kr/jcms/guryetours/famous/seomjin/0008/
1,구례군,구례목재문화체험장,전라남도 구례군 간전면 간전중앙로 601,,가능,http://www.gurye.go.kr/mportal/culture/10/001/index.jsp
1,구례군,지리산호수공원,전라남도 구례군 산동면 산업로 1590-62,,,http://ecopark.gurye.go.kr/
1,구례군,운조루유물전시관,전라남도 구례군 토지면 운조루길 56,,,
1,구례군,피아골계곡과 단풍,전라남도 구례군 토지면 남산길 13,,,http://tour.gurye.go.kr/jcms/guryetours/famous/0010/0004/cultsId=TOUR_000000000000010
1,구례군,지리산정원 숲속수목가옥,전라남도 구례군 광의면 온동2길 126,,,http://ecopark.gurye.go.kr/
1,구례군,방호정,전라남도 구례군 산동면 상관1길 45,,,http://tour.gurye.go.kr/jcms/guryetours/famous/0010/0004/cultsId=TOUR_000000000000049
1,구례군,지리산둘레길,전라남도 구례군 구례읍 서시천로 106,,,https://korean.visitkorea.or.kr/detail/ms_detail.docotid=0a4cd7c1-31db-43a4-b925-bf87b9dd643c
1,구례군,장죽전 녹차 시배지,전라남도 구례군 토지면 운조루길 56,,,http://tour.gurye.go.kr/jcms/guryetours/famous/0010/0004/cultsId=TOUR_000000000000038
1,구례군,구례향교,전라남도 구례군 구례읍 향교길 36,,,
1,구례군,지리산온천랜드,전라남도 구례군 산동면 지리산온천로 261,,가능,http://www.spaland.co.kr/main.php
1,구례군,화엄사,전라남도 구례군 마산면 화엄사로 539,,,http://www.hwaeomsa.com/index3.php
1,구례군,야생화 자연생태체험장 (압화전시관/한국압화박물관),전라남도 구례군 구례읍 동산1길 29,,,
1,구례군,지리산정원 구례생태숲,전라남도 구례군 광의면 난동길 79-80,,,http://ecopark.gurye.go.kr/
1,구례군,지리산정원 지리산자생식물원,전라남도 구례군 광의면 난동길 79-80,,,http://ecopark.gurye.go.kr/
1,구례군,천왕봉,전라남도 구례군 구례읍 섬진강로 286-59,,,https://korean.visitkorea.or.kr/detail/ms_detail.docotid=50a30171-a8aa-4934-8567-b2596ee373ec
1,구례군,운흥정,전라남도 구례군 산동면 한천길 33,,,https://korean.visitkorea.or.kr/detail/ms_detail.docotid=a977e930-47c8-46ff-b8d1-7a215ec59179
1,구례군,지리산정원 구례산수유자연휴양림,전라남도 구례군 산동면 탑동1길 125,,,http://ecopark.gurye.go.kr/
1,구례군,구산리입석,전라남도 구례군 토지면 섬진강대로 5077,,,http://tour.gurye.go.kr/jcms/guryetours/famous/0010/0004/cultsId=TOUR_000000000000052
1,구례군,용호정,전라남도 구례군 토지면 예촌길 9-21,,,http://tour.gurye.go.kr/jcms/guryetours/famous/0010/0004/cultsId=TOUR_000000000000090
1,구례군,석주관칠의사묘,전라남도 구례군 토지면 섬진강대로 4638-8,,,http://tour.gurye.go.kr/jcms/guryetours/famous/0010/0004/cultsId=TOUR_000000000000025
1,구례군,용지동계곡,전라남도 구례군 토지면 운조루길 49-1,,가능,
1,구례군,남악사,전라남도 구례군 마산면 화엄사로 539,,,http://tour.gurye.go.kr/jcms/guryetours/famous/0010/0004/cultsId=TOUR_000000000000050
1,구례군,문수사,전라남도 구례군 토지면 문수사길 138,,,http://tour.gurye.go.kr/jcms/guryetours/famous/0010/0004/cultsId=TOUR_000000000000004
1,구례군,연곡사,전라남도 구례군 토지면 피아골로 774,,,http://www.yeongoksa.kr/
1,구례군,구례읍사무소,전라남도 구례군 구례읍 봉성산길 12,,,
1,구례군,천은사,전라남도 구례군 광의면 노고단로 209,,,http://www.choneunsa.org/
1,구례군,구례군,전라남도 구례군 구례읍 봉성로 1,,가능,http://www.gurye.go.kr/kr/
1,구례군,지리산정원 구례수목원,전라남도 구례군 산동면 탑동1길 125,,,http://ecopark.gurye.go.kr/
1,구례군,방산서원,전라남도 구례군 산동면 둔사길 36-13,,,http://tour.gurye.go.kr/jcms/guryetours/famous/0010/0004/cultsId=TOUR_000000000000098
1,구례군,동편제 판소리 전수관,전라남도 구례군 구례읍 동편제길 53,,,https://korean.visitkorea.or.kr/detail/ms_detail.docotid=a23d123b-752e-4cef-96e5-e7dee07dcb48
1,구례군,수락폭포,전라남도 구례군 산동면 수락폭포로 264-23,,,https://korean.visitkorea.or.kr/main/main.do
1,구례군,야생화테마랜드,전라남도 구례군 광의면 온동2길 124,,,http://ecopark.gurye.go.kr/subPage.phppage=020201
1,구례군,쌍산재,전라남도 구례군 마산면 장수길 3-2,,,https://korean.visitkorea.or.kr/main/main.do
1,구례군,운조루,전라남도 구례군 토지면 운조루길 59,,,https://korean.visitkorea.or.kr/detail/ms_detail.docotid=0dcafaec-af97-4338-a539-3d497963f1e7
1,구례군,윤문효공신도비,전라남도 구례군 산동면 둔사길 36-13,,,http://tour.gurye.go.kr/jcms/guryetours/famous/0010/0004/cultsId=TOUR_000000000000066
1,구례군,지리산나들이장터,전라남도 구례군 산동면 지리산온천로 280,,가능,http://www.ojnj.co.kr/
1,구례군,월전리입석,전라남도 구례군 문척면 수달생태로 265,,,https://korean.visitkorea.or.kr/detail/ms_detail.docotid=a977e930-47c8-46ff-b8d1-7a215ec59179
1,구례군,의병장 고광순 순절비,전라남도 구례군 토지면 피아골로 806-16,,,http://tour.gurye.go.kr/jcms/guryetours/famous/0010/0004/cultsId=TOUR_000000000000101
1,구례군,구례잔수농악,전라남도 구례군 구례읍 신촌길 30,,가능,-
1,구례군,지리산치즈랜드,전라남도 구례군 산동면 구만제로 677,,가능,http://jcheeseland.co.kr/
1,구례군,섬진강어류생태관,전라남도 구례군 간전면 간전중앙로 47,,가능,http://sjfish.jeonnam.go.kr/
1,구례군,석주관성,전라남도 구례군 토지면 토지송정길 41-1,,,http://tour.gurye.go.kr/jcms/guryetours/famous/0010/0004/cultsId=TOUR_000000000000054
1,구례군,구례향제줄풍류,전라남도 구례군 구례읍 봉성산길 16,,,https://korean.visitkorea.or.kr/detail/ms_detail.docotid=2cc6dd85-89cb-4cea-a086-50198a3f9150
1,구례군,노고단,전라남도 구례군 토지면 문수사길 58-44,,,http://www.knps.or.kr/front/portal/visit/visitCourseMain.doparkId=120100&menuNo=7020100
1,구례군,반야봉,전라북도 남원시 산내면 지리산로 1078-132,,,http://www.knps.or.kr/front/portal/visit/visitCourseMain.doparkId=120100&menuNo=7020100
1,구례군,산수유사랑공원,전라남도 구례군 산동면 상관1길 45,,,https://korean.visitkorea.or.kr/main/main.do
1,구례군,사성암,전라남도 구례군 문척면 사성암길 303,,,https://korean.visitkorea.or.kr/detail/ms_detail.docotid=c195aa97-a0ac-4f9b-a3bd-e01bd6562058
1,구례군,반달가슴곰 생태학습장,전라남도 구례군 마산면 화엄사로 402-31,,홈페이지참조,http://tour.gurye.go.kr/jcms/guryetours/famous/best/0010/
1,구례군,산수유사랑공원,전라남도 구례군 산동면 상관1길 45,,,https://korean.visitkorea.or.kr/main/main.do
1,구례군,구례자연드림파크,전라남도 구례군 용방면 용산로 107-66,,홈페이지참조,http://www.naturaldreampark.co.kr/
1,구례군,곡전재명품한옥고택,전라남도 구례군 토지면 곡전재길 15-2,,가능,
1,구례군,구례 구 방광국민학교 교사,전라남도 구례군 광의면 매천로 244,,,
1,구례군,구례5일장,전라남도 구례군 구례읍 5일시장작은길 20,,,
1,구례군,구례봉서리 지석묘군,전라남도 구례군 구례읍 구례로 409,,,
1,구례군,구례예술인마을,전라남도 구례군 광의면 난동길 10,,,http://cafe.daum.net/guryeartcity
1,구례군,지리산피아골 오토캠핑장,전라남도 구례군 토지면 원기양지길 26,,가능,http://ecopark.gurye.go.kr/
1,구례군,오미 은하수마을,전라남도 구례군 토지면 운조루길 49-1,,가능,http://www.omidong.com/
1,구례군,구례자연드림파크,전라남도 구례군 용방면 용산로 107-66,,홈페이지참조,http://www.naturaldreampark.co.kr/
1,구례군,산수유시목지 및 산수유테마파크,전라남도 구례군 산동면 계척길 41,,,http://tour.gurye.go.kr/jcms/guryetours/famous/0010/0004/cultsId=TOUR_000000000000030
1,구례군,산수유문화관,전라남도 구례군 산동면 상관1길 45,,,https://korean.visitkorea.or.kr/main/main.do
1,나주시,영모정,전라남도 나주시 다시면 회진길 14-8,,,
1,나주시,일본인지주가옥,전라남도 나주시 예향로 3871-4,,,
1,나주시,완사천,전라남도 나주시 완사천길 5,,,
1,나주시,영산포 등대,전라남도 나주시 등대길 80,,,
1,나주시,나주시,전라남도 나주시 시청길 22,,가능,http://www.naju.go.kr/
1,나주시,남평역,전라남도 나주시 남평읍 동촌로 313,,,
1,나주시,남고문,전라남도 나주시 중앙로 2-1,,,
1,나주시,북망문,전라남도 나주시 북망문길 27,,,
1,나주시,금성산 생태숲,전라남도 나주시 노안면 금안2길 163-19,,,
1,나주시,서성문,전라남도 나주시 보리마당길 29,,,
1,나주시,나주학생독립운동기념관,전라남도 나주시 죽림길 26,,가능,http://www.najusim.or.kr/
1,나주시,반남고분군,전라남도 나주시 반남면 고분로 756,,,
1,나주시,국립나주박물관,전라남도 나주시 반남면 고분로 747,,박물관 내 주차장 이용,http://naju.museum.go.kr/html/kr/index.html
1,나주시,다보사,전라남도 나주시 금성산길 83,,,
1,나주시,나주읍성 사대문,전라남도 나주시 보리마당길 29,,,
1,나주시,금성관,전라남도 나주시 금성관길 8,,가능,
1,나주시,목사내아,전라남도 나주시 금성관길 13-8,,가능,http://moksanaea.naju.go.kr/index.php
1,나주시,나주 노안 천주교회 (노안성당),전라남도 나주시 노안면 이슬촌길 108,,,
1,나주시,다도 도래 한옥마을,전라남도 나주시 다도면 동력길 16,,,
1,나주시,불회사 ,전라남도 나주시 다도면 다도로 1224-142,,가능,http://www.bulhoesa.org/
1,나주시,나주향교,전라남도 나주시 향교길 38,,가능,
1,나주시,정수루,전라남도 나주시 금성관길 13,,공영주차장 이용,
1,나주시,구)나주역,전라남도 나주시 죽림길 20,,가능,
1,나주시,국립나주박물관,전라남도 나주시 반남면 고분로 747,,가능,http://naju.museum.go.kr/html/kr/index.html
1,나주시,나주목문화관,전라남도 나주시 금성관길 15,,공영주차장 이용,
1,나주시,백호문학관,전라남도 나주시 다시면 회진길 8,,가능,http://baekhomoonhak.or.kr/
1,나주시,느러지전망대,전라남도 나주시 동강면 동강로 307-226,,,
1,나주시,복암리고분전시관,전라남도 나주시 다시면 백호로 287,,가능,http://www.njbogam.or.kr/
1,나주시,영산포 역사갤러리,전라남도 나주시 영산3길 17,,,
1,나주시,영산강 황포돛배,전라남도 나주시 등대길 80,,가능,
1,나주시,나주영상테마파크,전라남도 나주시 공산면 덕음로 450,,가능,
1,나주시,나주시천연염색박물관(한국천연염색박물관),전라남도 나주시 다시면 백호로 379,,가능,http://www.naturaldyeing.or.kr/
1,나주시,빛가람전망대,전라남도 나주시 호수로 77,,가능,
1,나주시,전라남도산림자원연구소(산포수목원),전라남도 나주시 산포면 다도로 7,,,https://jnforest.jeonnam.go.kr/
1,담양군,연계정,전남 담양군 대덕면 장산리 218,,,
1,담양군,이이남아트센터,전라남도 담양군 담양읍 서원길 27-8,,가능,http://www.juknokwon.go.kr/index.juknokmenuCd=DOM_000000102003000000
1,담양군,모현관과 미암일기,전라남도 담양군 대덕면 장동길 76,,,
1,담양군,추월산 보리암,전남 담양군 용면 월계리 산 81-1,,가능,
1,담양군,추월산,전라남도 담양군 용면 추월산로 981,,가능,
1,담양군,삼인산,전라남도 담양군 수북면 한수동로 582,,,
1,담양군,담양호,전라남도 담양군 용면 금성산성길 370,,,
1,담양군,담양시장,전라남도 담양군 담양읍 담주4길 40,,가능,
1,담양군,관방제림,전라남도 담양군 담양읍 관방제림길 76,,,
1,담양군,식영정,전남 담양군 남면 가사문학로 859,,,
1,담양군,면앙정(仰亭),전라남도 담양군 봉산면 면앙정로 382-11,,,
1,담양군,담빛예술창고,전라남도 담양군 담양읍 객사7길 75,,가능,
1,담양군,상월정,전라남도 담양군 창평면 용운길 142-1,,,
1,담양군,창평시장,전라남도 담양군 창평면 사동길 14-25,,,
1,담양군,용마루길,전남 담양군 용면 월계리 산 90-9,,가능,
1,담양군,독수정 원림,전라남도 담양군 가사문학면 독수정길 33,,,
1,담양군,송강정(松江亭),전라남도 담양군 고서면 송강정로 232,,,
1,담양군,명옥헌원림(배롱나무),전라남도 담양군 고서면 후산길 103,,,
1,담양군,한국대나무박물관,전라남도 담양군 담양읍 죽향문화로 35,,가능,http://www.damyang.go.kr/museum/
1,담양군,담양금성산성오토캠핑장,전라남도 담양군 금성면 새덕굴길 135-88,,가능,http://www.gscamp.co.kr/
1,담양군,담양 금성산성,전라남도 담양군 금성면 하성길 33-143,,,
1,담양군,한국가사문학관,전라남도 담양군 남면 지곡리 319,,가능,http://www.gasa.go.kr/
1,담양군,소쇄원,전라남도 담양군 가사문학면 소쇄원길 17,,,http://www.soswaewon.co.kr/
1,담양군,창평 슬로시티,전라남도 담양군 창평면 돌담길 56-24,,가능,http://www.slowcp.com/kr/
1,담양군,메타프로방스,전라남도 담양군 담양읍 메타프로방스1길 17,,무료,
1,담양군,메타세콰이어 가로수길,전라남도 담양군 담양읍 메타세쿼이아로 12,,가능,
1,담양군,메타세쿼이아랜드 (메타세콰이어 가로수길),전라남도 담양군 담양읍 메타세쿼이아로 12,,,
1,담양군,장인각(공예센터),전라남도 담양군 담양읍 향교길 29,,가능,
1,담양군,대담 미술관,전라남도 담양군 담양읍 언골길 5-4,,가능,http://daedam.kr/
1,담양군,보임쉔 공예미술관,전라남도 담양군 대전면 신룡길 79-3,,가능,http://www.artbaum.co.kr/default/main/main.php
1,담양군,담양군,전라남도 담양군 담양읍 추성로 1371,,가능,damyang.go.kr/
1,담양군,해동문화예술촌,전라남도 담양군 담양읍 지침1길 6,,,http://dycf.or.kr/
1,담양군,죽녹원,전라남도 담양군 담양읍 죽녹원로 119,,가능,http://www.juknokwon.go.kr/index.juknok
1,담양군,담양하천습지,전라남도 담양군 대전면 대전로 307,,,
1,담양군,추억의 골목,전라남도 담양군 금성면 금성산성길 282-6,,,https://damyanggolmok.modoo.at/
1,담양군,담양대나무축제,전라남도 담양군 담양읍 향교길 32,,,http://www.bamboofestival.co.kr/
1,담양군,시목마을,전남 담양군 대덕면 금산리 57-3,,,
1,담양군,신계꽃차마을,전라남도 담양군 월산면 박산길 41,,가능,https://dyjukbuin.modoo.at/
1,담양군,용오름마을,전라남도 담양군 월산면 용흥사길 224,,가능,http://www.yongohreum.com/
1,담양군,운수대통마을,전라남도 담양군 대덕면 운산2길 95,,가능,httpw://www.운수대통마을.kr
1,담양군,도래수마을,전라남도 담양군 용면 용동2길 2,,가능,
1,담양군,황금마을,전라남도 담양군 수북면 황덕길 145-4,,가능,
1,담양군,달빛무월마을,전라남도 담양군 대덕면 무월길 42,,가능,https://muwall.modoo.at/
1,담양군,먹시곶감마을 (먹감촌),전라남도 담양군 용면 추월산로 900-6,,,
1,담양군,담양우표박물관,전라남도 담양군 대전면 대치9길 3-16,,가능,
1,담양군,대나무골테마공원,전라남도 담양군 금성면 비내동길 148,,가능,
1,담양군,담양항공,전라남도 담양군 금성면 담순로 156-46,,무료,http://www.aeromaster.co.kr/main/index.phpdoc=club.php
1,담양군,용흥사 (용흥사 계곡),전라남도 담양군 월산면 용흥사길 442,,,
1,담양군,한재골,전남 담양군 대전면 평장리,,가능,
1,담양군,죽화경,전라남도 담양군 봉산면 유산길 11-7,,가능,http://www.bambooflower.co.kr/
1,담양군,곤충박물관,전남 담양군 담양읍 깊은실길 33 어린이프로방스,,가능,https://www.yellowzebra.co.kr/20
1,담양군,호남기후변화체험관,전라남도 담양군 담양읍 메타세쿼이아로 45,,가능,http://gihoo.damyang.go.kr/index.damyang
1,담양군,채상장 교육전시관,전라남도 담양군 담양읍 죽녹원로 119,,,
1,담양군,담양 개선사지석등,전남 담양군 남면 학선리 593-2,,,
1,담양군,담양 국수거리,전라남도 담양군 담양읍 객사4길 45,,,
1,담양군,담양음식테마거리(죽순푸드빌리지),전라남도 담양군 담양읍 객사3길 1,,,
1,담양군,남산리 오층석탑,전남 담양군 담양읍 남산리 342,,,
1,목포시,목포 해상케이블카,전라남도 목포시 고하도안길 186,,주차요금 : 최초 3시간 무료 (케이블카 이용객에 한함 / 이후 한 시간 1000원),http://www.mmcablecar.com/
1,목포시,유달산 조각공원,전라남도 목포시 유달로 221,,무료,
1,목포시,유달산,전라남도 목포시 노적봉길 45,,일일 경차 1500 / 소형 3000 / 대형 4000,http://mokpo.go.kr/tour/
1,목포시,목포시,전라남도 목포시 양을로 203,,무료,http://www.mokpo.go.kr/
1,목포시,이충무공 유적지,전라남도 목포시 고하도길 175,,,
1,목포시,유달산 노적봉,전라남도 목포시 노적봉길 45,,무료,
1,목포시,갓바위와 해상보행교,전라남도 목포시 남농로 105,,,
1,목포시,연희네슈퍼와 시화마을,전라남도 목포시 해안로127번길 14-2,,,
1,목포시,목포진 역사공원,전라남도 목포시 목포진길11번길 1-5,,,
1,목포시,성옥기념관(이훈동정원),전라남도 목포시 영산로 11,,,http://www.sungok.or.kr/
1,목포시,외달도,전라남도 목포시 외달도길 72,,,
1,목포시,북항 노을공원,전라남도 목포시 청호로219번길 34-16,,,
1,목포시,목포해양수산복합센터,전라남도 목포시 고하대로 641-21,,,
1,목포시,목포요트마리나,전라남도 목포시 삼학로 88-56,,무료,http://www.mokpo-marina.com/
1,목포시,이난영공원,전라남도 목포시 삼학로92번길 25,,무료,
1,목포시,목포근대역사관 1관 (구 일본영사관),전라남도 목포시 영산로29번길 6,,,
1,목포시,목포어린이바다과학관,전라남도 목포시 삼학로92번길 98,,,http://mmsm.mokpo.go.kr/html/edu1_1.htm
1,목포시,김대중 노벨평화상 기념관,전라남도 목포시 삼학로92번길 68,,무료,http://www.kdjnpmemorial.or.kr/main.htm
1,목포시,국립해양문화재연구소,전라남도 목포시 남농로 136,,무료승용차 50대/대형차 15대,http://www.seamuse.go.kr/seamuseweb/main/Index.domn=KO_01
1,목포시,목포자연사박물관,전라남도 목포시 남농로 135,,무료,http://museum.mokpo.go.kr/2011/kor/
1,목포시,평화광장과 춤추는 바다분수,전라남도 목포시 평화로 82,,,http://www.mokpo.go.kr/seafountain
1,목포시,목포근대역사관 2관  (구 동양척식주식회사),전라남도 목포시 번화로 18,,,
1,목포시,목포시,전라남도 목포시 양을로 203,,가능,http://www.mokpo.go.kr/
1,무안군,몽탄포구,전라남도 무안군 몽탄면 호반로 359,,,
1,무안군,법천사,전라남도 무안군 몽탄면 법천길 482-85,,,
1,무안군,회산백련지,전라남도 무안군 일로읍 백련로 333,,가능,http://tour.muan.go.kr/lotus
1,무안군,무안황토갯벌랜드,전라남도 무안군 해제면 만송로 36,,가능,http://getbol.muan.go.kr/
1,무안군,목우암,전라남도 무안군 몽탄면 법천길 482-85,,,
1,무안군,식영정,전라남도 무안군 몽탄면 호반로 562-15,,,
1,무안군,약사사 (약사사 석불입상),전라남도 무안군 무안읍 대사동길 15,,가능,
1,무안군,원갑사,전라남도 무안군 해제면 산길로 266-27,,,
1,무안군,느러지 전망대,전라남도 나주시 동강면 동강로 307-226,,,
1,무안군,무안군,전라남도 무안군 무안읍 무안로 530,,가능,http://www.muan.go.kr/
1,무안군,초의선사탄생지,전라남도 무안군 삼향읍 초의길 30,,가능,
1,무안군,무안군오승우미술관,전라남도 무안군 삼향읍 초의길 7,,무료,http://museum.muan.go.kr/home/museum
1,무안군,분청사기 명장 전시관,전라남도 무안군 몽탄면 몽탄로 940,,무료,
1,무안군,승달산,전라남도 무안군 몽탄면 법천길 529,,,
1,무안군,영산강 자전거길,전라남도 무안군 일로읍 백련로 493-1,,,https://bike.go.kr/nation/14_1
1,무안군,밀리터리 테마파크,전라남도 무안군 몽탄면 우명길 21,,가능,
1,무안군,홀통해수욕장,전라남도 무안군 현경면 홀통길 198-1,,,
1,무안군,톱머리해수욕장,전라남도 무안군 망운면 톱머리길 66-1,,,
1,무안군,조금나루,전라남도 무안군 운남면 운해로 595-1,,,
1,무안군,클린밸리,전라남도 무안군 청계면 태봉길 33-100,,,http://www.muancleanvalley.com/03course/course01.asp
1,무안군,파도목장,전라남도 무안군 현경면 해운로 185-10,,가능,http://www.padofarm.co.kr/
1,무안군,도리포,전라남도 무안군 해제면 만송로 916,,,
1,무안군,못난이 미술관,전라남도 무안군 일로읍 상사바위길 125,,,
1,무안군,탄도,전라남도 무안군 망운면 탄도길 12-22,,,
1,보성군,홍암나철기념관,전라남도 보성군 벌교읍 녹색로 5163,,무료,
1,보성군,채동선 음악당,전라남도 보성군 벌교읍 채동선로 297,,가능,
1,보성군,봇재,전라남도 보성군 보성읍 녹차로 750,,무료,http://www.boseong.go.kr/botjae
1,보성군,판소리성지,전라남도 보성군 회천면 영천길 9,,,
1,보성군,방진관,전라남도 보성군 보성읍 새싹길 81-10,,,
1,보성군,백범 김구 은거지,전라남도 보성군 득량면 쇠실길 22-45,,,
1,보성군,보성군,전라남도 보성군 보성읍 송재로 165,,,
1,보성군,태백산맥 문학거리,전라남도 보성군 벌교읍 태백산맥길 5,,가능,
1,보성군,구 보성여관,전라남도 보성군 벌교읍 태백산맥길 19,,무료,http://www.boseonginn.org/
1,보성군,활성산성 산림욕장,전남 보성군 보성읍 봉산리,,가능,
1,보성군,득량역 추억의 거리,전라남도 보성군 득량면 방죽길 12-3,,가능,
1,보성군,보성 메타세콰이어 가로수길,전라남도 보성군 복내면 복내회룡길 1,,,
1,보성군,중수문 갈대밭(첫사랑길),전남 보성군 득량면 예당리,,,
1,보성군,보성비봉마리나,전라남도 보성군 득량면 공룡로 822-74,,무료,https://bbmrn2017.modoo.at/
1,보성군,보성 비봉리 공룡알 화석 산출지,전남 보성군 득량면 비봉리,,,
1,보성군,오충사,전라남도 보성군 보성읍 중앙로 80,,,
1,보성군,보성군천문과학관,전라남도 보성군 보성읍 녹차로 773,,가능,http://www.bscamp.kr/
1,보성군,보성군립백민미술관,전라남도 보성군 문덕면 죽산길 168-14,,가능,-
1,보성군,우종미술관,전라남도 보성군 조성면 조성3길 338,,무료,http://www.ujongart.com/default/main/main.php
1,보성군,옥마리 오층석탑,전라남도 보성군 노동면 벽옥길 127,,,
1,보성군,봉천리 5층석탑,전라남도 보성군 복내면 탑동길 27-5,,,
1,보성군,봉능리 석조인왕상,전남 보성군 조성면 봉능리 188,,,
1,보성군,취송정,전라남도 보성군 벌교읍 고읍2길 11-14,,,
1,보성군,보성 열화정,전라남도 보성군 득량면 강골길 32-17,,,
1,보성군,벌교 도마교 및 석비,전남 보성군 벌교읍 전동리 495-1,,,
1,보성군,반석리 석불좌상,전남 보성군 복내면 반석리 520,,,
1,보성군,유신리 마애여래좌상,전라남도 보성군 율어면 유신길 195,,,
1,보성군,우천리 삼층석탑,전라남도 보성군 조성면 조성대동길 114-16,,,
1,보성군,보성 당촌 별신당집 및 당제,전라남도 보성군 복내면 당촌길 35-3,,,
1,보성군,보성 전일리 팽나무숲,전남 보성군 회천면 전일리 385,,,
1,보성군,주암호 생태습지,전라남도 보성군 복내면 송재로 1816,,가능,
1,보성군,서편제 보성소리 득음정,전라남도 보성군 회천면 영천길 247-33,,,
1,보성군,중도방죽,전남 보성군 벌교읍 회정리 719-6,,,
1,보성군,보성 CC,전라남도 보성군 조성면 조성3길 338,,가능,http://www.bosungcc.co.kr/
1,보성군,강골전통민속마을,전라남도 보성군 득량면 강골길 32-17,,가능,
1,보성군,주월산 패러글라이딩,전라남도 보성군 조성면 높은담2길 39-78,,가능,http://cafe.daum.net/para2009
1,보성군,장도,전남 보성군 벌교읍 장도리,,,
1,보성군,티벳박물관,전라남도 보성군 문덕면 죽산길 520-1,,무료,http://www.tibetan-museum.org/
1,보성군,충절사 (최대성 장군),전라남도 보성군 득량면 충의로 1651,,,
1,보성군,대한다원1농원(보성녹차밭),전라남도 보성군 보성읍 녹차로 763-67,,무료,http://dhdawon.com/page/main.asp
1,보성군,보성 이종선 가옥,전라남도 보성군 보성읍 예동길 52,,,
1,보성군,보성 이준회 고택,전남 보성군 득량면 강공길 34-9,,,
1,보성군,보성 율어리 고택,전남 보성군 율어면 율어리,,,
1,보성군,해평리석장승,전남 보성군 득량면 해평리 564-1, ,,
1,보성군,율포해수풀장,전라남도 보성군 회천면 우암길 8,,가능,http://www.boseong.go.kr/tour/theme/seawaterpool/yulposea_pool/facilities_guide
1,보성군,천봉산,전라남도 보성군 문덕면 죽산길 477-6,,,
1,보성군,한국차박물관,전라남도 보성군 보성읍 녹차로 775,,가능,http://www.boseong.go.kr/tea
1,보성군,태백산맥문학관,전라남도 보성군 벌교읍 홍암로 89-19,,가능,http://www.boseong.go.kr/tbsm
1,보성군,율포솔밭해수욕장,전라남도 보성군 회천면 우암길 24,,가능,http://www.boseong.go.kr/tour/tourist/9tour/yulpo_beach
1,보성군,보성 이용우 고택,전라남도 보성군 보성읍 예동길 46-5,,,-
1,보성군,율포해수녹차센터,전라남도 보성군 회천면 우암길 21,,가능,http://www.boseong.go.kr/tour/theme/seawaterpool/yulposea_greentea
1,보성군,보성비봉공룡공원,전라남도 보성군 득량면 공룡로 822-51,,가능,http://bibongdinopark.com/
1,보성군,제암산 자연휴양림,전라남도 보성군 웅치면 대산길 330,,일일 소형 3000 / 대형 5000 / 경차 1500,http://www.jeamsan.go.kr/
1,보성군,용추계곡,전라남도 보성군 웅치면 용추덕림길 89-84,,,
1,보성군,일림산 (철쭉군락지),전라남도 보성군 웅치면 대은길 38-40,,,
1,보성군,오봉산,전남 보성군 득량면 비봉리,,,
1,보성군,존제산,전남 보성군 벌교읍 옥전리,,,
1,보성군,제석산,전라남도 보성군 벌교읍 시장2길 30,,,
1,보성군,미력옹기장,전라남도 보성군 미력면 송재로 539,,,
1,보성군,초암산,전남 보성군 율어면 금천리,,,
1,보성군,일월사,전라남도 보성군 율어면 유신길 195,,,http://www.ilwolsa.co.kr/index.do
1,보성군,제암산,전남 보성군 웅치면 대산리,,,
1,보성군,봉화산,전라남도 보성군 노동면 거석길 254-37,,,
1,보성군,서재필선생 기념공원,전라남도 보성군 문덕면 용암길 8,,가능,
1,보성군,대원사 벚꽃길,전라남도 보성군 문덕면 죽산길 506-8,,,
1,보성군,대원사,전라남도 보성군 문덕면 죽산길 506-8,,,http://www.daewonsa.or.kr/
1,순천시,기독교역사박물관,전라남도 순천시 매산길 61,,승용차 4대,
1,순천시,검단산성,전라남도 순천시 해룡면 호두구상길 157-48,,,
1,순천시,순천왜성,전라남도 순천시 해룡면 쟁골길 130-27,,,
1,순천시,용오름마을,전라남도 순천시 주암면 운룡2길 17,,,
1,순천시,옥천서원,전라남도 순천시 임청대길 18,,,
1,순천시,문화의거리,전라남도 순천시 영동길 18,,,
1,순천시,남도삼백리길,전라남도 순천시 해룡면 와온길 128,,,
1,순천시,봉화산,전라남도 순천시 봉화1길 142,,,
1,순천시,조계산,전라남도 순천시 승주읍 승주괴목1길 11,,445대,
1,순천시,전통야생차 체험관,전라남도 순천시 승주읍 선암사길 450,,선암사 주차장 이용,https://www.suncheon.go.kr/tour/
1,순천시,상사호,전라남도 순천시 상사면 상사호길 501,,,
1,순천시,주암호,전라남도 순천시 승주읍 승주괴목1길 11,,,
1,순천시,화포해변,전라남도 순천시 별량면 일출길 20,,,
1,순천시,와온해변,전라남도 순천시 해룡면 와온길 128,,,
1,순천시,뿌리깊은나무 박물관,전라남도 순천시 낙안면 평촌3길 45,,가능,https://www.facebook.com/dtrmuseum/
1,순천시,순천만국가정원,전라남도 순천시 국가정원1호길 47,,6583대,http://garden.sc.go.kr/
1,순천시,순천시립그림책도서관,전라남도 순천시 도서관길 33,,승용차 20대,https://library.sc.go.kr/pblibrary/
1,순천시,순천드라마촬영장,전라남도 순천시 비례골길 24,,대형 1500 / 소형 500/  경차 250,
1,순천시,송광사,전라남도 순천시 송광면 송광사안길 100,,가능,http://www.songgwangsa.org/
1,순천시,사후면세특화거리,전라남도 순천시 서문성터길 2,,,
1,순천시,아랫장 (아랫장 야시장),전라남도 순천시 장평로 60,,가능,http://aretjang.kr/
1,순천시,웃장,전라남도 순천시 북부시장3길 40,,가능,
1,순천시,로컬푸드 직판매장,전남 순천시 풍덕동 70,,가능,
1,순천시,선암사,전라남도 순천시 승주읍 선암사길 450,,가능,http://www.seonamsa.net/
1,순천시,청춘창고,전라남도 순천시 역전길 34,,가능,
1,순천시,청소골산촌교육장(청소골산촌체험마을),전라남도 순천시 서면 심원길 14,,,
1,순천시,잠실주말농원,전라남도 순천시 낙안면 석흥신흥길 141,,,
1,순천시,배꽃피는마을,전라남도 순천시 낙안면 이곡2길 37-50,,,
1,순천시,향매실마을,전라남도 순천시 월등면 계월길 138,,,
1,순천시,짱뚱어마을,전라남도 순천시 별량면 일출길 198,,,
1,순천시,거차뻘배체험장,전라남도 순천시 별량면 거차길 130,,,
1,순천시,꽃마차마을,전라남도 순천시 낙안면 금산길 64,,,
1,순천시,생태마을,전라남도 순천시 승주읍 고산도목길 9,,,
1,순천시,남제동벽화마을,전라남도 순천시 우석로 75,,,
1,순천시,매곡동 탐매마을,전라남도 순천시 매곡2길 48,,,
1,순천시,조곡동 철도문화마을,전라남도 순천시 자경2길 10-5,,승용차 2대,
1,순천시,참한솔교육농장,전라남도 순천시 주암면 운룡1길 120,,,
1,순천시,고인돌공원,전라남도 순천시 송광면 고인돌길 543,,가능,https://www.dolmenpark.kr/
1,순천시,순천시,전라남도 순천시 장명로 30,,가능,https://www.suncheon.go.kr/kr/
1,순천시,순천만습지,전라남도 순천시 순천만길 513-25,,승용차 630대,http://www.suncheonbay.go.kr/
1,순천시,낙안읍성,전라남도 순천시 낙안면 충민길 30,,565대,http://nagan.suncheon.go.kr/
1,순천시,순천만습지공예점,전라남도 순천시 순천만길 513-25,,승용차 630대,http://www.suncheonbay.go.kr/
1,신안군,임자해변승마공원,전라남도 신안군 임자면 한틀길 194-46,,,
1,신안군,태평염전,전남 신안군 증도면 증동리 1930,,,http://www.taepyungsalt.com/brand-story/taepyung-salt-farm/
1,신안군,신안군,전라남도 신안군 압해읍 천사로 1004,,가능,http://www.shinan.go.kr/
1,신안군,화도노두,전남 신안군 증도면 대초리,,,
1,신안군,신안갯벌센터·슬로시티센터,전라남도 신안군 증도면 지도증도로 1766-4,,,
1,신안군,우전해변·한반도해송숲,전남 신안군 증도면 우전리,,,
1,신안군,용소마을 편백숲연방죽,전남 신안군 비금면 용소리,,,
1,신안군,덕산(떡메산),전남 신안군 비금면 도고리,,,
1,신안군,천사대교,전라남도 신안군 압해읍 압해로 1531-6,,,
1,신안군,채일봉전망대,전라남도 신안군 팔금면 원산서근길 329,,,
1,신안군,서근등대,전라남도 신안군 팔금면 원산서근길 329,,,
1,신안군,에로스 서각 박물관,전라남도 신안군 암태면 박달로 362-26,,,
1,신안군,추포노두길·추포해변,전남 신안군 암태면 수곡리 산 231-1,,,
1,신안군,둔장해변·해넘이길,전라남도 신안군 자은면 둔장길 2,,,
1,신안군,분계해변·여인송숲,전라남도 신안군 자은면 자은서부2길 669,,,
1,신안군,백길해변,전라남도 신안군 자은면 자은서부1길 163-119,,,
1,신안군,임자 진리교회,전라남도 신안군 임자면 진리길 25,,,
1,신안군,어머리해변·용난굴,전남 신안군 임자면 이흑암리,,,
1,신안군,전장포·새우젓토굴,전라남도 신안군 임자면 전장포길 902,,,
1,신안군,김환기 생가,전라남도 신안군 안좌면 김환기길 38-1,,,
1,신안군,반월도박지도,전라남도 신안군 안좌면 반월도길 6,,,
1,신안군,대동염전,전라남도 신안군 비금면 서남문로 200,,,
1,신안군,소금박물관,전라남도 신안군 증도면 지도증도로 1058,,가능,http://www.saltmuseum.org/
1,신안군,홍도,전라남도 신안군 흑산면 홍도2길 5,,,
1,신안군,하늘도로,전남 신안군 흑산면 비리,,,
1,신안군,유배문화공원,전남 신안군 흑산면 사리,,,
1,신안군,흑산도 굽이길 (상라봉 굽이길),전남 신안군 흑산면 진리,,,
1,신안군,신들의 정원 (진리당숲),전남 신안군 흑산면 진리 산 77,,,
1,신안군,구만~노은 임도,전남 신의면 하태동리,,,
1,신안군,황성금리해수욕장,전남 신안군 신의면 하태서리,,,
1,신안군,하의3도 농민운동기념관,전라남도 신안군 하의면 하의로 115,,가능,
1,신안군,큰바위얼굴,전남 신안군 하의면 어은리 산 321,,,
1,신안군,김대중대통령생가,전라남도 신안군 하의면 후광길 255,,,http://www.pa.go.kr/online_contents/birthplace/sanga/sanga_kdj_info.jsppresident=kdj
1,신안군,수국공원,전남 신안군 도초면 지남리,,,
1,신안군,시목해수욕장,전라남도 신안군 도초면 시목길 219-27,,,
1,신안군,고란마을 돌담,전남 신안군 도초면 고란리,,,
1,신안군,화도(불섬)마을,전라남도 신안군 도초면 불섬길 102,,,
1,신안군,이세돌 바둑기념관,전라남도 신안군 비금면 비금북부길 573-1,,,
1,신안군,내촌마을 돌담,전남 신안군 비금면 내월리,,,
1,신안군,짱뚱어다리,전남 신안군 증도면 방축리,,,
1,신안군,문준경전도사 순교기념지,전라남도 신안군 증도면 문준경길 234,,,http://www.mjk1004.org/
1,신안군,국제해변승마장(대광해변),전남 신안군 임자면 광산리 산 87-19,,,
1,신안군,하트해변 전망대,전라남도 신안군 비금면 하누넘해수욕장길 247,,,
1,신안군,명사십리해수욕장,전남 신안군 비금면 구림리,,,
1,여수시,백도,전라남도 여수시 삼산면 거문학교길 1-8,,,
1,여수시,향일암,전라남도 여수시 돌산읍 향일암로 1,,,
1,여수시,금오도(금오도 비렁길),전라남도 여수시 남면 여천금이길 11-14,,,
1,여수시,오동도,전라남도 여수시 오동도로 242,,,
1,여수시,여수국가산단전망대(산단야경),전남 여수시 화치동 산 183-1,,,
1,여수시,여수세계박람회장,전라남도 여수시 박람회길 1,,승용차 1000/1시간5000/일버스 5000/일,http://www.expo2012.kr/main.html
1,여수시,여수밤바다,전라남도 여수시 이순신광장로 101,,,
1,여수시,진남관,전라남도 여수시 동문로 11,,무료,
1,여수시,거문도,전라남도 여수시 삼산면 거문길 103,,,
1,여수시,영취산 진달래,전라남도 여수시 흥국사길 160,,,
1,여수시,유월드 루지 테마파크,전라남도 여수시 소라면 안심산길 155,,,http://u-world.kr/
1,여수시,여수해상케이블카,전라남도 여수시 돌산읍 돌산로 3600-1,,무료,http://yeosucablecar.com/
1,여수시,여수이순신대교,전남 여수시 묘도동 산 127-10,,,
1,여수시,여수시,전라남도 여수시 시청로 1,,가능,http://www.yeosu.go.kr/index.jsp
1,영광군,백수해안도로,전라남도 영광군 백수읍 해안로 957,,가능,
1,영광군,백제불교최초도래지,전라남도 영광군 법성면 백제문화로 203,,가능,
1,영광군,원불교 영산성지,전라남도 영광군 백수읍 성지로 1345,,가능,https://guide.won.or.kr/pages/sungji/youngsan
1,영광군,기독교인 순교지,전라남도 영광군 염산면 향화로5길 34-30,,가능,
1,영광군,천주교인 순교지,전라남도 영광군 영광읍 중앙로2길 40,,가능,
1,영광군,불갑사,전라남도 영광군 불갑면 불갑사로 450,,가능,http://kb1.templestay.com/index.aspt_id=bulgapsa11
1,영광군,칠산타워,전라남도 영광군 염산면 향화로 2-10,,가능,
1,영광군,영광군,전라남도 영광군 영광읍 중앙로 203,,가능,http://www.yeonggwang.go.kr/
1,영광군,송이도 (송이도마을),전라남도 영광군 낙월면 송이길 25-1,,,
1,영광군,가마미 해수욕장,전라남도 영광군 홍농읍 가마미로 357-21,,,
1,영광군,불갑저수지수변공원,전라남도 영광군 불갑면 방마로 151,,가능,
1,영광군,숲쟁이공원,전라남도 영광군 법성면 백제문화로 67,,가능,
1,영광군,천일염전,전라남도 영광군 백수읍 백수로3길 257-26,,,
1,영암군,전라남도 농업박물관,전라남도 영암군 삼호읍 녹색로 653-15,,가능,https://www.jam.go.kr/website_id=19
1,영암군,영암군,전라남도 영암군 영암읍 군청로 1,,가능,http://www.yeongam.go.kr/
1,영암군,영암 목재문화체험장,전라남도 영암군 군서면 상대포로 37,,가능,http://www.gitree.org/www/
1,영암군,월출산 국립공원,전라남도 영암군 군서면 도갑사로 286,,가능,http://www.knps.or.kr/front/portal/visit/visitCourseMain.doparkId=121700&menuNo=7020098
1,영암군,월출산 기찬랜드,전라남도 영암군 영암읍 기찬랜드로 41-13,,무료,
1,영암군,왕인박사유적지,전라남도 영암군 군서면 왕인로 440,,소형 1500 / 중형 2000 / 대형 2500,
1,영암군,도갑사와 도선국사,전라남도 영암군 군서면 도갑사로 306,,경차 2000 / 중.소형 4~5000 / 대형 6~7000,https://www.dogapsa.com/
1,영암군,영암국제자동차경주장,전라남도 영암군 삼호읍 에프원로 2,,가능,https://www.koreacircuit.kr:442/web
1,완도군,가고싶은섬 여서도,전라남도 완도군 청산면 여서도길 1,,,
1,완도군,완도타워,전라남도 완도군 완도읍 장보고대로 330,,가능,
1,완도군,장도청해진유적지,전라남도 완도군 완도읍 청해진로1369번길 51,,,http://www.wando.go.kr/tour
1,완도군,신지 명사십리해수욕장,전라남도 완도군 신지면 명사십리길 85-105,,,
1,완도군,고금 충무사(완도 묘당도 이충무공 유적),전남 완도군 고금면 세동84번길 86-31,,,
1,완도군,완도수목원,전라남도 완도군 군외면 초평1길 156,,경차 1500 / 소형 3000 / 대형 무료,http://www.wando-arboretum.go.kr/2011/main.html
1,완도군,주도(천연기념물28호),전라남도 완도군 완도읍 장보고대로 339,,,
1,완도군,해변공원 (완도해변공원),전남 완도군 완도읍 군내리 제1물양장 일원,,,http://www.wando.go.kr/tour
1,완도군,완도군,전라남도 완도군 완도읍 청해진남로 51,,,http://www.wando.go.kr/
1,완도군,삼문산,전남 완도군 약산면 장용리,,가능,
1,완도군,금일명사십리 해수욕장,전라남도 완도군 금일읍 금일로 888,,,
1,완도군,금당 8경,전라남도 완도군 금당면 가학목넘길 1,,,
1,완도군,윤선도원림(명승 제 34호),전라남도 완도군 보길면 부황길 57,,무료,
1,완도군,송시열 글씐바위,전남 완도군 보길면 중통리,,무료,
1,완도군,소안도 당사도 등대 (당사도),전라남도 완도군 소안면 당사도길 17-239,,,
1,완도군,소안도 항일 운동기념관,전라남도 완도군 소안면 소안로 263,,,
1,완도군,청산도 슬로길,전라남도 완도군 청산면 구장1길 5,,,
1,완도군,영화 서편제 촬영지(청산도 서편제 촬영지),전라남도 완도군 청산면 청산로 136,,,
1,완도군,청산도 구들장논(부흥리 구들장논),전라남도 완도군 청산면 구장1길 5,,,
1,완도군,청산도 범바위,전남 완도군 청산면 청계리,,,
1,완도군,가고싶은섬 생일도,전라남도 완도군 생일면 생일로 582,,,
1,완도군,약산 가사해수욕장(가사동백숲해변),전남 완도군 약산면 해동리 934-3,,,
1,완도군,어촌민속전시관,전라남도 완도군 완도읍 화흥포길 149,,가능,
1,완도군,보길도 윤선도 원림,전라남도 완도군 보길면 부황길 29,,,https://www.wando.go.kr/tour/attraction/main_tour/wonlim
1,완도군,완도 장보고 기념관,전라남도 완도군 완도읍 청해진로 1455,,,http://www.wando.go.kr/changpogo
1,완도군,해조류센터,전라남도 완도군 완도읍 해변공원로 84,,가능,http://www.wando.go.kr/tour
1,완도군,약산 진달래 군락지(삼문산 진달래공원),전남 완도군 약산면 득암리,,,
1,완도군,장보고기념관 (장보고공원),전라남도 완도군 완도읍 청해진로 1455,,가능,
1,완도군,청해포구세트장,전라남도 완도군 완도읍 청해진서로 1161-8,,무료,http://www.wandoro.co.kr/
1,완도군,정도리구계등(명승제3호),전라남도 완도군 완도읍 정도1길 80,,무료,http://www.wando.go.kr/tour
1,장성군,금곡영화마을,전라남도 장성군 북일면 영화마을길 238,,,http://www.jangseong.go.kr/home/tour
1,장성군,입암산성,전라남도 장성군 북하면 남창로 400,,,http://www.jangseong.go.kr/home/tour
1,장성군,장성군,전라남도 장성군 장성읍 영천로 200,,가능,http://www.jangseong.go.kr/
1,장성군,요월정원림,전라남도 장성군 황룡면 요월정로 84-5,,,http://www.jangseong.go.kr/home/tour/spectacle/cultural_assets/provinces/show/32page=1
1,장성군,남창계곡,전남 장성군 북하면 신성리 396-2,,,
1,장성군,축령산 편백숲(편백치유의숲),전라남도 장성군 서삼면 추암로 455-26,,,
1,장성군,홍길동테마파크,전라남도 장성군 황룡면 홍길동로 431,,가능,http://www.jangseong.go.kr/home/honggildong
1,장성군,백양사,전라남도 장성군 북하면 백양로 1239,,가능,http://baekyangsa.kr/
1,장성군,장성호 1지,전라남도 장성군 북하면 백양로 591-4,,가능,
1,장성군,황룡 전적지,전라남도 장성군 황룡면 물뫼길 25,,,https://korean.visitkorea.or.kr/detail/ms_detail.docotid=a47be7a0-13f3-40a9-a649-618c37e2e65d
1,장성군,필암서원,전라남도 장성군 황룡면 필암서원로 184,,,http://www.jangseong.go.kr/home/tour/spectacle/view/view_06
1,장성군,박수량 백비,전라남도 장성군 황룡면 백비길 45,,,http://www.jangseong.go.kr/home/tour/spectacle/cultural_assets/provinces/show/29page=1
1,장성군,방장산 자연휴양림 (방장산),전라남도 장성군 북이면 방장로 353,,,
1,장성군,고산서원,전라남도 장성군 진원면 고산로 68,,,http://www.jangseong.go.kr/home/tour/spectacle/cultural_assets/provinces/show/33page=1
1,장성군,봉암서원,전라남도 장성군 장성읍 화차길 159,,,http://www.jangseong.go.kr/home/tour/spectacle/cultural_assets/provinces/show/34page=2
1,장성군,장성호수변길,전라남도 장성군 장성읍 신흥로 94-5,,,http://www.jangseong.go.kr/home/tour
1,장흥군,천관산,전라남도 장흥군 관산읍 천관산길 103,,,
1,장흥군,탐진강,전라남도 장흥군 회진면 가학회진로 1212,,,http://festival.jangheung.go.kr/festival/device_mode=system_change&device=default
1,장흥군,소등섬,전라남도 장흥군 용산면 정남진해안로 1445,,,
1,장흥군,천관문학관,전라남도 장흥군 대덕읍 천관산문학길 160,,가능,
1,장흥군,제암산,전라남도 장흥군 장동면 신북1길 41-10,,,
1,장흥군,유치자연휴양림,전라남도 장흥군 유치면 휴양림길 154,,일일 소형 3000 / 대형 5000,http://www.jangheung.go.kr/yuCHN
1,장흥군,정남진 물과학관,전라남도 장흥군 장흥읍 행원강변길 20,,가능,http://www.jangheung.go.kr/water
1,장흥군,정남진 천문과학관,전라남도 장흥군 장흥읍 평화우산길 180-608,,,http://star.jangheung.go.kr/
1,장흥군,장흥목재문화체험장,전라남도 장흥군 장흥읍 우드랜드길 180,,,http://www.jhwoodland.co.kr/
1,장흥군,정남진 장흥토요시장,전라남도 장흥군 장흥읍 토요시장3길 15,,가능,http://www.jangheung.go.kr/jnjmarket
1,장흥군,선학동 유채 마을,전라남도 장흥군 회진면 회진중앙길 12,,,
1,장흥군,귀족호도박물관,전라남도 장흥군 장흥읍 남부1로 56-90,,가능,http://www.hodonamu.com/hodo/
1,장흥군,심천공원 오토캠핑장,전라남도 장흥군 부산면 심천공원길 25-38,,가능,http://www.sccamp.kr/
1,장흥군,해동사,전라남도 장흥군 장동면 만수길 25-121,,가능,
1,장흥군,장흥향교,전라남도 장흥군 장흥읍 교촌남외길 33,,,
1,장흥군,장흥동학농민혁명기념관,전라남도 장흥군 장흥읍 읍성로 2,,가능,
1,장흥군,보림사,전라남도 장흥군 유치면 보림사로 224,,가능,
1,장흥군,장흥군,전라남도 장흥군 장흥읍 장흥로 21,,가능,http://www.jangheung.go.kr/
1,장흥군,정남진해양낚시공원,전라남도 장흥군 회진면 해양낚시길 137,,가능,http://www.jhfishingpark.kr/
1,장흥군,정남진전망대,전라남도 장흥군 관산읍 정남진해안로 242-58,,가능,
1,장흥군,방촌유물전시관,전라남도 장흥군 관산읍 장흥대로 1645,,가능,
1,장흥군,물문화관,장흥군 부산면 지천길 52-227,,가능,
1,장흥군,장흥댐,장흥군 부산면 지천길 52-227,,가능,
1,장흥군,정남진 편백숲 우드랜드,전라남도 장흥군 장흥읍 우드랜드길 180,,가능,http://www.jhwoodland.co.kr/site=basic
1,완도군,완도 장보고 기념관,전라남도 완도군 완도읍 청해진로 1455,,,http://www.wando.go.kr/changpogo
1,장흥군,억불산 산림욕장,전라남도 장흥군 장흥읍 내평길 14,,,
1,진도군,용장사 석불좌상,전남 진도군 군내면 용장리 산 90,,,
1,진도군,쌍계사상록수림,전남 진도군 의신면 사천리 산 28,,,
1,진도군,오산리 선돌,전남 진도군 고군면 오산리 501-1번지,,,
1,진도군,진도대교,전라남도 해남군 문내면 1레저로 6,,,
1,진도군,시닉드라이브,전남 진도군 지산면 가학리,,,
1,진도군,진도타워,전라남도 진도군 군내면 만금길 112-41,,가능,
1,진도군,진도군,전라남도 진도군 진도읍 철마길 25,,가능,https://www.jindo.go.kr/home/main.cs
1,진도군,삐에르랑디 공원,전라남도 진도군 고군면 고군용호길 183,삐에르랑디 근린공원,,
1,진도군,바닷길체험관,전라남도 진도군 고군면 신비의바닷길 148,,가능,
1,진도군,국립남도국악원  (금요상설공연) ,전라남도 진도군 임회면 진도대로 3818,,,
1,진도군,금골산 마애여래좌상,전남 진도군 군내면 둔전리 산 94-1,,,
1,진도군,돈대산,전남 진도군 조도면 관매도리 산 151,,,
1,진도군,아리랑체험관,전라남도 진도군 임회면 아리랑길 95-5,,가능,
1,진도군,운림 삼별초 공원,전남 진도군 의신면 사천리 594,,,
1,진도군,남도전통미술관,전라남도 진도군 의신면 운림산방로 315,,가능,
1,진도군,진도역사관,전라남도 진도군 의신면 운림산방로 315,,가능,
1,진도군,소치기념관,전라남도 진도군 의신면 운림산방로 315,,가능,
1,진도군,해양에너지공원,전라남도 진도군 군내면 진도대로 8459-13,,무료,
1,진도군,진도향교,전라남도 진도군 진도읍 진도향교길 68-5,,,
1,진도군,향토문화회관,전라남도 진도군 진도읍 진도대로 7197,,무료,
1,진도군,진도읍성,전남 진도군 진도읍 성내리 69,,,
1,진도군,망금산 강강술래터,전라남도 진도군 군내면 명량대첩로 101,,,
1,진도군,울돌목물살체험장,전라남도 진도군 군내면 진도대로 8459-13,,,
1,진도군,관매도,전라남도 진도군 조도면 관매도길 37-1,,,
1,진도군,하조도등대,전라남도 진도군 조도면 조도등대길 429,,가능,
1,진도군,금골산5층석탑,전남 진도군 군내면 둔전리 산 356-2,,,
1,진도군,진도개테마파크,전라남도 진도군 진도읍 성죽골길 35,,가능,
1,진도군,솔마루미술관,전라남도 진도군 군내면 가흥로 641,,,
1,진도군,소전미술관,전라남도 진도군 진도읍 철마길 29,,가능,
1,진도군,이충무공벽파진전첩비,전라남도 진도군 고군면 벽파길 90,,,
1,진도군,세방낙조,전라남도 진도군 지산면 세방낙조로 148,,,
1,진도군,해언사,전라남도 진도군 군내면 금골길 66,,,
1,진도군,접도,전남 진도군 의신면 금갑리,,,
1,진도군,판옥선,전라남도 진도군 군내면 진도대로 8459-13,,,
1,진도군,이충무공동상,전라남도 진도군 군내면 진도대로 8439-19,,,
1,진도군,용장성,전남 진도군 군내면 용장리 102,,,
1,진도군,남도진성(남도석성),전남 진도군 임회면 남동리 226,,,
1,진도군,도리산 전망대,전라남도 진도군 조도면 율목길 65-1,,가능,
1,진도군,신비의 바닷길,전라남도 진도군 고군면 신비의바닷길 148,,,
1,진도군,해양생태관,전라남도 진도군 고군면 신비의바닷길 64,,무료,
1,진도군,전 왕온 묘,전남 진도군 의신면 침계리 산 44,,,
1,진도군,급치산전망대,전남 진도군 지산면 심동리 59,,무료,
1,진도군,배중손사당,전라남도 진도군 임회면 진도대로 4212,,,
1,진도군,동석산 천종사,전라남도 진도군 지산면 하심동길 14-36,,,
1,진도군,국립진도자연휴양림,전라남도 진도군 임회면 동령개길 1-92,,일일 경차 1500 / 중소형 3000 / 대형 5000,http://www.huyang.go.kr/comforestmain.actiondprtmId=0201
1,진도군,운림산방,전라남도 진도군 의신면 운림산방로 315,,가능,
1,진도군,금봉미술관,전라남도 진도군 의신면 운림산방로 315,,,
1,진도군,백포미술관,전라남도 진도군 의신면 운림산방로 315,,,
1,진도군,나절로미술관,전라남도 진도군 임회면 진도대로 3886,,가능,
1,진도군,옥산미술관,전라남도 진도군 진도읍 진도대로 7197,,,
1,진도군,현대미술관,전라남도 진도군 진도읍 교동5길 30,,,
1,진도군,국립남도국악원,전라남도 진도군 임회면 진도대로 3818,,가능,https://jindo.gugak.go.kr/
1,진도군,장전미술관 (구 남진미술관),전라남도 진도군 임회면 하미길 39,,무료,
1,진도군,토요민속여행 상설공연,전라남도 진도군 진도읍 진도대로 7197,,무료,
1,진도군,진도민속문화예술단공연,전라남도 진도군 진도읍 해창길 39,,문의,http://www.jindominsok.com/
1,진도군,금골산,전남 진도군 군내면 덕병리,,,
1,진도군,첨찰산,전남 진도군 의신면 사천리,,,
1,진도군,여귀산,전남 진도군 임회면 상만리,,,
1,진도군,신금산,전남 진도군 조도면 창유리,,,
1,진도군,쌍계사,전라남도 진도군 의신면 운림산방로 299-30,,가능,
1,함평군,함평군,전라남도 함평군 함평읍 중앙길 200,,가능,https://www.hampyeong.go.kr/
1,함평군,자산서원,전라남도 함평군 엄다면 곤재로 688,,,
1,함평군,돌머리해수욕장,전남 함평군 함평읍 석성리 523-1,,,
1,함평군,함평향교,전라남도 함평군 대동면 대동길 45,,,
1,함평군,보광사 (보광사 범종),전라남도 함평군 함평읍 한재골길 26-32,,가능,
1,함평군,용천사 (용천사 석등),전라남도 함평군 해보면 용천사길 209,,,
1,함평군,고막천 석교,전남 함평군 학교면 고막리 630-10,,,
1,함평군,팔열부정각,전남 함평군 월야면 월야리 155-1,,,
1,함평군,주포권역 억새밸리존,전라남도 함평군 함평읍 주포로 11-12,,,
1,함평군,신덕예덕리 고분군,전남 함평군 월야면 예덕리 산 176,,,
1,함평군,주포한옥마을,전라남도 함평군 함평읍 주포한옥길 16,,가능,
1,함평군,함평양서파충류생태공원,전라남도 함평군 신광면 학동로 1398-9,,가능,http://www.hampyeong.go.kr/herptile/
1,함평군,함평해수찜,전라남도 함평군 손불면 석산로 79,,가능,
1,함평군,일강김철선생기념관,전라남도 함평군 신광면 일강로 873-12,,,http://www.hampyeong.go.kr/ilgang/
1,함평군,용천사 꽃무릇공원,전라남도 함평군 해보면 용천사길 209,,가능,
1,함평군,함평자연생태공원,전라남도 함평군 대동면 학동로 1398-77,,무료,http://www.hampyeong.go.kr/ecopark/
1,함평군,함평엑스포공원,전라남도 함평군 함평읍 곤재로 27,,가능,http://www.hampyeong.go.kr/expopark/
1,함평군,용월리 지석묘군,전남 함평군 월야면 용월리 367-2,,,
1,함평군,함평 향교리 느티나무·팽나무·개서어나무 숲,전남 함평군 대동면 향교리 산 948-2,,,
1,함평군,기각리 붉가시나무,전남 함평군 함평읍 기각리 산 12-2,,,
1,함평군,농촌체험마을 모평,전라남도 함평군 해보면 산내길 55-63,,,
1,해남군,해남군,전라남도 해남군 해남읍 군청길 4,,가능,http://www.haenam.go.kr/
1,해남군,해남군,전라남도 해남군 해남읍 군청길 4,,가능,http://www.haenam.go.kr/tour/
1,해남군,4est수목원,전라남도 해남군 현산면 봉동길 232-118,,,http://www.4est수목원.com/
1,해남군,땅끝해양자연사박물관,전라남도 해남군 송지면 중대동길 5-4,,,
1,해남군,해남 대흥사,전라남도 해남군 삼산면 대흥사길 400,,주차요금 : 3000원,http://www.daeheungsa.co.kr/
1,해남군,우수영문화마을,전라남도 해남군 문내면 우수영안길 76-1,,,
1,해남군,전라우수영 성지,전라남도 해남군 문내면 우수영안길 63-1,,가능,
1,해남군,방춘서원,전라남도 해남군 계곡면 방춘길 123-5,,,
1,해남군,옥봉백광훈 (옥산서실),전라남도 해남군 옥천면 송산길 37-9,,,
1,해남군,이진성지,전남 해남군 북평면 이진리 1227,,,
1,해남군,달량진성,전남 해남군 북평면 이진리,,,
1,해남군,송지면 군곡리 패총,전남 해남군 송지면 군곡리,,,
1,해남군,금강골,전라남도 해남군 해남읍 해리2길 7,,,
1,해남군,해남 공재고택,전라남도 해남군 현산면 백포길 122,,,
1,해남군,해남 윤철하 고택,전라남도 해남군 현산면 초호길 43,,,
1,해남군,현산 두모리 패총,전라남도 해남군 현산면 두모길 23-30,,,
1,해남군,옥녀봉토성,전라남도 해남군 삼산면 방축큰길 104,,,
1,해남군,방축리 지석묘군,전남 해남군 화산면 방축길 방축리702,,,
1,해남군,연정리 지석묘군,전남 해남군 화산면 석정길 5외,,,
1,해남군,해남향교 대성전,전라남도 해남군 해남읍 향교길 20,,,
1,해남군,해남 용일리 용운고분,전라남도 해남군 북일면 용일리 1008-1,,,
1,해남군,해남 방산리 장고봉고분,전남 해남군 북일면 방산리 산 1008-1,,,
1,해남군,서림공원 단군전(해남읍 단군전),전남 해남군 해남읍 구교리 372-2,,,
1,해남군,수성송,전라남도 해남군 해남읍 군청길 4,,가능,
1,해남군,고산윤선도 유적지,전라남도 해남군 해남읍 녹우당길 135,,,http://www.haenam.go.kr/tour/
1,해남군,옥산 서실 소장품 일괄,전라남도 해남군 옥천면 송산길 37-9,,,
1,해남군,탑동 5층석탑,전라남도 해남군 옥천면 탑동길 42,,,
1,해남군,정운 충신각,전라남도 해남군 옥천면 동리길 47-12,,,
1,해남군,옥천성산만의총(해남 옥천 고분군),전남 해남군 옥천면 성산리, ,,
1,해남군,독립운동역사체험마을,전남 해남군 옥천면 영신리,,,
1,해남군,옥매광산,전라남도 해남군 황산면 삼원길 74-51,,,
1,해남군,연당마을 미륵불,전남 해남군 황산면 연당리,,,
1,해남군,도장사,전라남도 해남군 황산면 내산길 143,,,
1,해남군,진산 청자요지,전남 해남군 산이면 산이로 진산길 진산,,,
1,해남군,달마산 미황사,전라남도 해남군 송지면 미황사길 164,,,
1,해남군,강강술래,전라남도 해남군 문내면 1레저로 12,,,http://www.ggsr.kr/index.htm
1,해남군,산이면 덕송리 황조별묘,전라남도 해남군 산이면 황조길 96-1,,,
1,해남군,해남화원면청자요지,전남 해남군 화원면 신덕리,,,
1,해남군,옥석공예,전라남도 해남군 황산면 명량로 976,,,
1,해남군,도솔암,전라남도 해남군 송지면 마봉송종길 355-300,,,
1,해남군,가학산 자연휴양림,전라남도 해남군 계곡면 산골길 306,,,
1,해남군,금호방조제,전남 해남군 화원면 영호리,,,
1,해남군,해남 구 목포구 등대,전라남도 해남군 화원면 매봉길 582,,,
1,해남군,고산윤선도유물전시관 ,전라남도 해남군 해남읍 녹우당길 130,,,
1,해남군,땅끝 송호해변,전라남도 해남군 송지면 땅끝해안로 1827,,,
1,해남군,오시아노1단지,전남 해남군 화원면 주광리 384,,,
1,해남군,명량대첩해전사기념전시관,전라남도 해남군 문내면 1레저로 12,,,
1,해남군,우수영1지,전라남도 해남군 문내면 1레저로 12,,,
1,해남군,두륜산케이블카,전라남도 해남군 삼산면 대흥사길 88-45,,,
1,해남군,두륜미로파크,전라남도 해남군 삼산면 대흥사길 88-11,,,
1,해남군,고천암 철새도래지,전남 해남군 화산면 율동리 869,,,
1,해남군,명량대첩비,전라남도 해남군 문내면 우수영안길 34,,,
1,해남군,우수영 부녀농요,전라남도 해남군 문내면 우수영안길 5-1,,,
1,해남군,정명식 가옥,전라남도 해남군 황산면 우항길 127-1,,,
1,해남군,봉동계곡,전라남도 해남군 현산면 봉동길 232-133,,,
1,해남군,땅끝순례문학관,전라남도 해남군 해남읍 녹우당길 123,,,
1,해남군,우항리 공룡 익룡 새 발자국 화석산지,전라남도 해남군 황산면 공룡박물관길 234,,,
1,화순군,동복향교,전남 화순군 동복면 연월리 864,,무료,
1,화순군,죽수서원,전라남도 화순군 한천면 학포로 1786-45,,무료,
1,화순군,화순8경 세량지,전라남도 화순군 화순읍 세량길 17-1,화순군 화순읍 세량리 100,,
1,화순군,유마사,전라남도 화순군 남면 유마로 603,,가능,http://www.yumasa.com/index.php
1,화순군,화순향교,전라남도 화순군 화순읍 교동2길 14,,무료,
1,화순군,화순7경 연둔리 숲정이,전라남도 화순군 동복면 연동길 134,전라남도 화순군 동복면 연둔리 472-1,,
1,화순군,능주향교,전라남도 화순군 능주면 교촌길 36,,,
1,화순군,해망서원,전라남도 화순군 춘양면 섶메길 37-1,,무료,
1,화순군,도원서원,전라남도 화순군 동복면 연곡길 137,,무료,
1,화순군,만연사,전라남도 화순군 화순읍 진각로 367,,무료,http://xn--lz2bu9jsxe.kr/manyeon/index.asp
1,화순군,임대정 원림,전라남도 화순군 남면 상사1길 47,,,
1,화순군,충의사 (최경회장군),전라남도 화순군 동면 충의로 409,,가능,
1,화순군,공룡 발자국 화석 산지,전라남도 화순군 북면 백아로 2080,,가능,
1,화순군,부춘정,전남 화순군 춘양면 부곡리 산 216-3(임),,,
1,화순군,쌍산 항일의병 유적지(화순 쌍산의소),전라남도 화순군 이양면 증동길 99,,가능,
1,화순군,정암조광조선생 유배지(정암조광조선생적려유허비),전남 화순군 능주면 남정리 174,,가능,
1,화순군,쌍봉사 (쌍봉사 철감선사탑),전라남도 화순군 이양면 쌍산의로 459,,가능,
1,화순군,연둔리 숲정이,전남 화순군 동복면 연둔리 472-1,,,
1,화순군,이서규봉암,전라남도 화순군 이서면 도원길 40-28,,,
1,화순군,고인돌유적지,전남 화순군 도곡면 효산리 64,,가능,
1,화순군,백아산 하늘다리,전남 화순군 북면 용곡리,,,
1,화순군,침수정,전남 화순군 춘양면 우봉리 368,,,
1,화순군,운주사,전라남도 화순군 도암면 천태로 91-44,,무료,https://www.unjusa.kr/
1,화순군,화순적벽,전남 화순군 이서면 장학리 산 17,,,http://tour.hwasun.go.kr/층
1,화순군,환산정,전라남도 화순군 동면 백천로 236-1,,,
1,화순군,백아산휴양림,전라남도 화순군 북면 수양로 353,,소중형 3000 / 일  대형 4000/일,http://forest.hwasun.go.kr/index.doS=FOREST
1,화순군,영벽정,전남 화순군 능주면 관영리 산 1,,,
1,화순군,화순6경 이서 규봉암,전라남도 화순군 이서면 도원길 40-28,,,
1,화순군,화순4경 고인돌 유적지,전라남도 화순군 춘양면 지동길 10,,,
1,화순군,화순군,전라남도 화순군 화순읍 동헌길 23,,가능,http://www.hwasun.go.kr/
1,화순군,화순5경 만연산 철쭉공원,전라남도 화순군 화순읍 안양산로 294,,,
1,화순군,화순3경 백아산 하늘다리,전라남도 화순군 북면 송단길 146-45,화순군 북면 손단리 산220-1번지,,
1,화순군,화순2경 운주사,전라남도 화순군 도암면 천태로 91-44,,,
1,화순군,화순1경 화순적벽,전라남도 화순군 이서면 적벽로 630-1,,,http://tour.hwasun.go.kr
1,화순군,화순목재문화체험장,전라남도 화순군 남면 유마로 659,,가능,
1,화순군,만연산 철쭉공원,전라남도 화순군 화순읍 안양산로 294,,노변주차 / 주차장 조성 예정,
1,화순군,도곡온천,전라남도 화순군 도곡면 온천1길 45,,가능,
1,화순군,화순온천(금호리조트),전라남도 화순군 화순읍 쌍충로 88,,가능,
1,화순군,김삿갓문학동산,전남 화순군 동복면 구암리,,,
1,화순군,치유의숲센터,전남 화순군 화순읍 동구리,,가능,http://forest.hwasun.go.kr/contents.doS=FOREST&M=020101010000
1,화순군,무등산양떼목장,전라남도 화순군 화순읍 안양산로 537,,가능,http://mudeungsan-yangtte.co.kr/gnuboard4/
1,화순군,화순치즈체험학교,전라남도 화순군 북면 백아로 2038,,가능,http://www.cheeseclass.net/main/
1,화순군,오지호기념관,전라남도 화순군 동복면 독상1길 10,,가능,
1,화순군,천불천탑사진문화관,전라남도 화순군 도암면 천태로 91-20,,가능,http://art.hwasun.go.kr/index.doS=S12
1,화순군,화순군립석봉미술관,전라남도 화순군 화순읍 진각로 249-8,,가능,http://sbart.or.kr/
1,화순군,무등산편백휴양림,전라남도 화순군 이서면 안양산로 685,,소중형 2000 / 일  대형 5000/일,http://moodoong.com/
1,화순군,한천휴양림,전라남도 화순군 한천면 죽헌로 719,,소중형 3000 / 일  대형 4000/일,http://forest.hwasun.go.kr/index.doS=FOREST
1,화순군,옹성산 (철옹산성),전남 화순군 동복면 안성리,,,
1,화순군,오성산성,전남 화순군 동면 국동리,,,
1,화순군,물염정,전남 화순군 이서면 창랑리 산 373,,가능,
1,화순군,송석정,전남 화순군 이양면 강성리,,,
1,화순군,세량지,전라남도 화순군 화순읍 세량길 23,,무료,
